Unit,Unit No.,Floor Plan Code,Net sf,Occupancy Status,"Enter ""F"" for Future Lease",Market Rent,Lease Start Date,Lease Expiration,"Enter individual charge codes into the blue cells below (ex. rent, conc, petf, etc). For each unit, enter charge amounts in the corresponding columns. RENT",CONC/SPECL,Balance,PETFEE,CARPORT,PARKING,HOUSING,Occupancy Status / Code,"Enter ""F"" for Future Lease / Code",MTOM,PETRENT,GARAGE,Concession,Garbage,Pet Fee,Rent,Pet Rent,Pest Fee,Trash,Insurance Fee,Lease Rent,Required Deposit,Dep On Hand,TRASH,Occupancy Code,"Enter ""F"" for Future Lease.1",MTM,Occupancy Status Code,Occupied Since,Other Income,CABORT,REFERRAL,Move-Out Date,"Enter ""F"" for Future Lease Code",Month To Month,Enter Future Lease,CONC/SUBSIDY,FUTURE_RENT,Enter Other Lease Charge Codes Here,SH,CONC/SUB,PEST,MAINTENANCE,"Enter individual charge codes into the blue cells below (ex. rent, conc, petf, etc). For each unit, enter charge amounts in the corresponding columns. RENT: 1190",Occupationally Accurate Market...,FARE,Rojas Jose,Occupied,"Enter individual charge codes into the blue cells below (ex. rent, maintenance, petfee, etc). For each unit, enter charge amounts in the corresponding columns. RENT","Enter individual charge codes into the blue cells below (ex. rent, conc, petf, etc). For each unit, enter charge amounts in the corresponding columns.:",Enter other rental charges here,Enter other credit amounts here,Insurance,Market Rent Code,Lease Start Date Code,Lease Expiration Code,Occupancy Status Code^1,"Enter ""F"" for Future Lease Code^1",Market Rent Code^1,Lease Start Date Code^1,Lease Expiration Code^1,Map Code,"Enter Individual Charge Codes into the blue cells below (ex. rent, conc, petf, etc). For each unit, enter charge amounts in the corresponding columns. RENT",Occupied Net sf,Legal and Other Non-Refundable Fees,Enter F for Future Lease,Market Rent.1,Lease Start Date.1,Lease Expiration.1,Occupied.1,Actual Rent,Resident Deposit,Other Deposit,Occupancy Influences,Occupied by
1001,1001,60212c5,1304.0,Occupied,,1165.0,2019-04-30,2020-05-31,1165.0,,,,,,,,,,,,,,,,,,,,,,,,,,,,,,,,,,,,,,,,,,,,,,,,,,,,,,,,,,,,,,,,,,,,,,,,,,
1002,1002,60212c1,1153.0,Occupied,F,1110.0,2018-09-01,2019-07-31,147.0,-82.0,,,,,,,,,,,,,,,,,,,,,,,,,,,,,,,,,,,,,,,,,,,,,,,,,,,,,,,,,,,,,,,,,,,,,,,,,
1002,1002,60212c1,1153.0,ad4823,,1110.0,2018-05-10,2019-05-09,,,-64.97,,,,,,,,,,,,,,,,,,,,,,,,,,,,,,,,,,,,,,,,,,,,,,,,,,,,,,,,,,,,,,,,,,,,,,,,
131,131,60212b2,949.0,Occupied-NTV,,970.0,2019-01-12,2019-08-31,938.0,,,,,,,,,,,,,,,,,,,,,,,,,,,,,,,,,,,,,,,,,,,,,,,,,,,,,,,,,,,,,,,,,,,,,,,,,,
1011,1011,60212a4,1459.0,Occupied,,1385.0,2019-04-01,2019-12-31,1385.0,,,,,,,,,,,,,,,,,,,,,,,,,,,,,,,,,,,,,,,,,,,,,,,,,,,,,,,,,,,,,,,,,,,,,,,,,,
10102,10102,60212c4,1304.0,Occupied,,1155.0,2018-06-01,2019-06-30,1171.0,-500.0,,30.0,,,,,,,,,,,,,,,,,,,,,,,,,,,,,,,,,,,,,,,,,,,,,,,,,,,,,,,,,,,,,,,,,,,,,,,
10103,10103,60212b1,1002.0,VACANT,,1140.0,,,,,,,,,,,,,,,,,,,,,,,,,,,,,,,,,,,,,,,,,,,,,,,,,,,,,,,,,,,,,,,,,,,,,,,,,,,,,
10104,10104,60212b2,1081.0,Occupied,,1025.0,2018-12-01,2020-01-31,1018.0,,,,,,,,,,,,,,,,,,,,,,,,,,,,,,,,,,,,,,,,,,,,,,,,,,,,,,,,,,,,,,,,,,,,,,,,,,
10105,10105,60212b2,1081.0,Occupied,,1025.0,2019-03-28,2020-04-30,840.0,,,,,,,,,,,,,,,,,,,,,,,,,,,,,,,,,,,,,,,,,,,,,,,,,,,,,,,,,,,,,,,,,,,,,,,,,,
10106,10106,60212b1,1002.0,Occupied,,990.0,2019-06-01,2020-06-30,990.0,,,,,,,,,,,,,,,,,,,,,,,,,,,,,,,,,,,,,,,,,,,,,,,,,,,,,,,,,,,,,,,,,,,,,,,,,,
10107,10107,60212b1,1002.0,Occupied,,990.0,2019-10-01,2020-09-30,978.0,,,,,,,,,,,,,,,,,,,,,,,,,,,,,,,,,,,,,,,,,,,,,,,,,,,,,,,,,,,,,,,,,,,,,,,,,,
10108,10108,60212b2,1081.0,Occupied,,1025.0,2018-11-14,2019-12-31,730.0,,,,,,,,,,,,,,,,,,,,,,,,,,,,,,,,,,,,,,,,,,,,,,,,,,,,,,,,,,,,,,,,,,,,,,,,,,
10109,10109,60212b1,1002.0,Occupied,F,1140.0,2019-05-17,2020-06-30,960.0,,,,,,,,,,,,,,,,,,,,,,,,,,,,,,,,,,,,,,,,,,,,,,,,,,,,,,,,,,,,,,,,,,,,,,,,,,
810,810,60212b1,1002.0,Occupied,,1140.0,2019-03-10,2020-03-31,1140.0,-1140.0,,,,,,,,,,,,,,,,,,,,,,,,,,,,,,,,,,,,,,,,,,,,,,,,,,,,,,,,,,,,,,,,,,,,,,,,,
132,132,60209c3,1227.0,Occupied,,1150.0,2018-07-01,2019-08-31,980.0,,,,,,,,,,,,,,,,,,,,,,,,,,,,,,,,,,,,,,,,,,,,,,,,,,,,,,,,,,,,,,,,,,,,,,,,,,
10201,10201,60212b2,1081.0,Occupied,,1175.0,2019-01-08,2020-01-31,1175.0,,,,,,,,,,,,,,,,,,,,,,,,,,,,,,,,,,,,,,,,,,,,,,,,,,,,,,,,,,,,,,,,,,,,,,,,,,
1020,1020,60212b1,1002.0,Occupied,,990.0,2018-10-29,2019-11-30,892.0,,,,,,,,,,,,,,,,,,,,,,,,,,,,,,,,,,,,,,,,,,,,,,,,,,,,,,,,,,,,,,,,,,,,,,,,,,
1020,1020,60212c3,1226.0,OCCUPIED,,1360.0,2018-09-22,2019-10-21,1328.0,,,,,,,,,,,,,,,,,,,,,,,,,,,,,,,,,,,,,,,,,,,,,,,,,,,,,,,,,,,,,,,,,,,,,,,,,,
10203,10203,7112b,1179.0,Occupied,,1425.0,2019-04-12,2020-04-30,1361.0,,,,35.0,,,,,,,,,,,,,,,,,,,,,,,,,,,,,,,,,,,,,,,,,,,,,,,,,,,,,,,,,,,,,,,,,,,,,,
10204,10204,60212b2,1081.0,Occupied,,1175.0,2018-08-30,2019-09-29,1185.0,,,,,,,,,,,,,,,,,,,,,,,,,,,,,,,,,,,,,,,,,,,,,,,,,,,,,,,,,,,,,,,,,,,,,,,,,,
10204,10204,60212c2,867.0,Occupied,,1200.0,2019-03-30,2020-06-29,1200.0,,,,,,,,,,,,,,,,,,,,,,,,,,,,,,,,,,,,,,,,,,,,,,,,,,,,,,,,,,,,,,,,,,,,,,,,,,
10205,10205,60212b2,1081.0,Occupied,,1175.0,2018-08-31,2019-09-30,1175.0,,,,,,,,,,,,,,,,,,,,,,,,,,,,,,,,,,,,,,,,,,,,,,,,,,,,,,,,,,,,,,,,,,,,,,,,,,
10206,10206,60212b1,1002.0,Occupied,,1140.0,2018-08-27,2019-10-26,1140.0,-1140.0,,,,,,,,,,,,,,,,,,,,,,,,,,,,,,,,,,,,,,,,,,,,,,,,,,,,,,,,,,,,,,,,,,,,,,,,,
10207,10207,60212b1,1002.0,Occupied,,1140.0,2019-02-09,2020-03-31,1440.0,,,,,,,,,,,,,,,,,,,,,,,,,,,,,,,,,,,,,,,,,,,,,,,,,,,,,,,,,,,,,,,,,,,,,,,,,,
10208,10208,60212b2,1081.0,Occupied,F,1025.0,2019-07-06,2020-07-06,1015.0,,,,,,,,,,,,,,,,,,,,,,,,,,,,,,,,,,,,,,,,,,,,,,,,,,,,,,,,,,,,,,,,,,,,,,,,,,
10209,10209,60312b1,1002.0,Occupied,,1140.0,2018-07-23,2019-08-31,1095.0,,,,,,,,,,,,,,,,,,,,,,,,,,,,,,,,,,,,,,,,,,,,,,,,,,,,,,,,,,,,,,,,,,,,,,,,,,
133,133,60212e1,1227.0,Occupied,,1130.0,2018-09-22,2019-11-30,1130.0,,,,,,,,,,,,,,,,,,,,,,,,,,,,,,,,,,,,,,,,,,,,,,,,,,,,,,,,,,,,,,,,,,,,,,,,,,
10301,10301,71012b2,1176.0,Occupied,,1155.0,2018-09-14,2019-11-30,1206.0,,,,,35.0,,,,,,,,,,,,,,,,,,,,,,,,,,,,,,,,,,,,,,,,,,,,,,,,,,,,,,,,,,,,,,,,,,,,,
10301,10301,60212c3,1186.0,Occupied,,1200.0,2018-08-20,2019-09-30,275.0,,,,,,936.0,,,,,,,,,,,,,,,,,,,,,,,,,,,,,,,,,,,,,,,,,,,,,,,,,,,,,,,,,,,,,,,,,,,,
10302,10302,60212b1,1002.0,Occupied,,989.0,2019-04-24,2020-05-31,945.0,,,,,,,,,,,,,,,,,,,,,,,,,,,,,,,,,,,,,,,,,,,,,,,,,,,,,,,,,,,,,,,,,,,,,,,,,,
10303,10303,60212b1,1002.0,Occupied,,990.0,2019-08-10,2020-08-31,525.0,,,,,,465.0,,,,,,,,,,,,,,,,,,,,,,,,,,,,,,,,,,,,,,,,,,,,,,,,,,,,,,,,,,,,,,,,,,,,
10303,10303,71012c1,1171.0,Occupied,,1120.0,2018-09-17,2019-10-31,1120.0,,,,35.0,,,,,,,,,,,,,,,,,,,,,,,,,,,,,,,,,,,,,,,,,,,,,,,,,,,,,,,,,,,,,,,,,,,,,,
10304,10304,60212b2,1081.0,Occupied,,1025.0,2019-03-20,2020-03-31,1025.0,,,,,,,,,,,,,,,,,,,,,,,,,,,,,,,,,,,,,,,,,,,,,,,,,,,,,,,,,,,,,,,,,,,,,,,,,,
10305,10305,60212b1,1081.0,Occupied,,1025.0,2018-08-18,2019-09-30,1025.0,,,,,,,,,,,,,,,,,,,,,,,,,,,,,,,,,,,,,,,,,,,,,,,,,,,,,,,,,,,,,,,,,,,,,,,,,,
10305,10305,60212c4,1304.0,Occupied,,1155.0,2018-09-21,2019-10-20,1155.0,,,,,,,,,,,,,,,,,,,,,,,,,,,,,,,,,,,,,,,,,,,,,,,,,,,,,,,,,,,,,,,,,,,,,,,,,,
10306,10306,60212b1,1002.0,VACANT,F,1140.0,2023-10-16,2024-10-31,1140.0,,,,,,,,,,,,,,,,,,,,,,,,,,,,,,,,,,,,,,,,,,,,,,,,,,,,,,,,,,,,,,,,,,,,,,,,,,
10307,10307,60212b1,1002.0,Occupied,,990.0,2018-09-10,2019-10-09,929.0,,,,,,,,,,,,,,,,,,,,,,,,,,,,,,,,,,,,,,,,,,,,,,,,,,,,,,,,,,,,,,,,,,,,,,,,,,
10307,10307,60212b,1201.0,Occupied,,1185.0,2019-03-09,2020-03-31,1185.0,,,,,,,,,,,,,,,,,,,,,,,,,,,,,,,,,,,,,,,,,,,,,,,,,,,,,,,,,,,,,,,,,,,,,,,,,,
10308,10308,60212b2,1081.0,Occupied,,1025.0,2019-03-01,2020-02-29,994.0,,,,,,,,,,,,,,,,,,,,,,,,,,,,,,,,,,,,,,,,,,,,,,,,,,,,,,,,,,,,,,,,,,,,,,,,,,
10309,10309,60212b1,1002.0,occupied,,1140.0,2019-09-04,2020-09-30,1136.0,,,,,,,occupied,,,,,,,,,,,,,,,,,,,,,,,,,,,,,,,,,,,,,,,,,,,,,,,,,,,,,,,,,,,,,,,,,,,
10310,10310,60212b1,1002.0,Occupied,,1140.0,2018-01-12,2019-02-11,1079.0,,,,,,,,,,,,,,,,,,,,,,,,,,,,,,,,,,,,,,,,,,,,,,,,,,,,,,,,,,,,,,,,,,,,,,,,,,
134,134,60212c1,1156.0,Occupied,,1190.0,2018-12-12,2020-02-29,1190.0,,,,,,,,,100.0,,,,,,,,,,,,,,,,,,,,,,,,,,,,,,,,,,,,,,,,,,,,,,,,,,,,,,,,,,,,,,,,,
134,134,A1,522.0,Occupied,,649.0,2019-01-31,2020-04-30,610.0,,,,,,,,,,,,,,,,,,,,,,,,,,,,,,,,,,,,,,,,,,,,,,,,,,,,,,,,,,,,,,,,,,,,,,,,,,
134,134,A2,867.0,Occupied,,880.0,2018-11-10,2019-12-31,815.0,,,,,,,,,,,,,,,,,,,,,,,,,,,,,,,,,,,,,,,,,,,,,,,,,,,,,,,,,,,,,,,,,,,,,,,,,,
102,102,60212c1,882.0,Occupied,,895.0,2019-02-02,2020-04-30,825.0,,,,,,,,,,,,,,,,,,,,,,,,,,,,,,,,,,,,,,,,,,,,,,,,,,,,,,,,,,,,,,,,,,,,,,,,,,
1106,1106,60212c2,1201.0,Occupied,,1120.0,2017-10-01,2018-09-30,948.0,,,,,,,,,,,,,,,,,,,,,,,,,,,,,,,,,,,,,,,,,,,,,,,,,,,,,,,,,,,,,,,,,,,,,,,,,,
1013,1013,60212c3,1259.0,Occupied,,1185.0,2019-02-01,2020-02-29,1185.0,,,,,,,,,,,,,,,,,,,,,,,,,,,,,,,,,,,,,,,,,,,,,,,,,,,,,,,,,,,,,,,,,,,,,,,,,,
1015,1015,60212c2,1201.0,Vacant,,1270.0,,,,,,,,,,,,,,,,,,,,,,,,,,,,,,,,,,,,,,,,,,,,,,,,,,,,,,,,,,,,,,,,,,,,,,,,,,,,,
10210,10210,7212b3,1078.0,Occupied,,1160.0,2019-03-15,2020-03-31,1160.0,,,,,,,,,,,,,,,,,,,,,,,,,,,,,,,,,,,,,,,,,,,,,,,,,,,,,,,,,,,,,,,,,,,,,,,,,,
135,135,60209c3,1256.0,Occupied,,1170.0,2018-06-01,2019-07-31,1170.0,,,,,,,,,,,,,,,,,,,,,,,,,,,,,,,,,,,,,,,,,,,,,,,,,,,,,,,,,,,,,,,,,,,,,,,,,,
1205,1205,60212,1304.0,Occupied,,1155.0,2018-06-09,2019-07-08,140.0,-167.0,,,,,,,,,,,,,,,,,,,,,,,,,,,,,,,,,,,,,,,,,,,,,,,,,,,,,,,,,,,,,,,,,,,,,,,,,
1202,1202,60212c,882.0,Occupied,,880.0,2018-08-01,2019-07-31,870.0,,,30.0,,,,,,,,,,,,,,,,,,,,,,,,,,,,,,,,,,,,,,,,,,,,,,,,,,,,,,,,,,,,,,,,,,,,,,,
123,123,60212c1,1015.0,Occupied,,980.0,2019-06-21,2020-06-30,880.0,,,,,,,,,,,,,,,,,,,,,,,,,,,,,,,,,,,,,,,,,,,,,,,,,,,,,,,,,,,,,,,,,,,,,,,,,,
123,123,A1,450.0,Occupied,F,650.0,2019-06-01,2020-06-30,650.0,,,,,,,,,,,,,,,,,,,,,,,,,,,,,,,,,,,,,,,,,,,,,,,,,,,,,,,,,,,,,,,,,,,,,,,,,,
1208,1208,52212c4,1304.0,Occupied,F,1170.0,2023-10-06,2024-10-31,1180.0,,,,,,,,,,,,,,,,,,,,,,,,,,,,,,,,,,,,,,,,,,,,,,,,,,,,,,,,,,,,,,,,,,,,,,,,,,
1206,1206,60212c,1201.0,Occupied,,1210.0,2018-07-01,2019-06-30,1210.0,,,,,,,,,,15.0,,,,,,,,,,,,,,,,,,,,,,,,,,,,,,,,,,,,,,,,,,,,,,,,,,,,,,,,,,,,,,,,
12303,12303,71012c,1171.0,Occupied,,1170.0,2018-10-01,2019-09-30,1170.0,,,,,,,,,,,125.0,,,,,,,,,,,,,,,,,,,,,,,,,,,,,,,,,,,,,,,,,,,,,,,,,,,,,,,,,,,,,,,
12308,12308,70212c,867.0,Occupied,,1180.0,2018-02-20,2019-03-19,1180.0,-1180.0,,,,,,,,,,,,,,,,,,,,,,,,,,,,,,,,,,,,,,,,,,,,,,,,,,,,,,,,,,,,,,,,,,,,,,,,,
1237,1237,A8212,1304.0,Occupied,,1155.0,2019-01-04,2019-09-30,,,,,,,,Occupied,,,,,,,,,,,,,,,,,,,,,,,,,,,,,,,,,,,,,,,,,,,,,,,,,,,,,,,,,,,,,,,,,,,
1237,1237,B1,1176.0,Occupied,,1450.0,2019-04-01,2020-05-31,1386.0,,,,,,,,,,,,,,,,,,,,,,,,,,,,,,,,,,,,,,,,,,,,,,,,,,,,,,,,,,,,,,,,,,,,,,,,,,
1237,1237,A2,867.0,Occupied,,1150.0,2019-04-16,2020-05-15,1243.0,,,,,,,,,,,,,,,,,,,,,,,,,,,,,,,,,,,,,,,,,,,,,,,,,,,,,,,,,,,,,,,,,,,,,,,,,,
11307,11307,A2,867.0,Occupied,,1155.0,2019-03-01,2020-02-29,1158.0,,,,,,,,,,,,,,,,,,,,,,,,,,,,,,,,,,,,,,,,,,,,,,,,,,,,,,,,,,,,,,,,,,,,,,,,,,
136,136,60212c,1227.0,Occupied,,1130.0,2018-09-01,2019-08-31,1385.0,,,,,,,Occupied,,,,,,,,,,,,,,,,,,,,,,,,,,,,,,,,,,,,,,,,,,,,,,,,,,,,,,,,,,,,,,,,,,,
1317,1317,A1,522.0,Occupied,,735.0,2019-05-10,2020-06-30,735.0,,,,,,,,,,,,,,,,,,,,,,,,,,,,,,,,,,,,,,,,,,,,,,,,,,,,,,,,,,,,,,,,,,,,,,,,,,
12307,12307,A2,867.0,Occupied,F,1190.0,2019-01-28,2020-02-29,1190.0,,,,,,,,,,,,,,,,,,,,,,,,,,,,,,,,,,,,,,,,,,,,,,,,,,,,,,,,,,,,,,,,,,,,,,,,,,
12307,12307,A2,867.0,Occupied,,1190.0,2019-06-03,2020-07-02,1190.0,-399.77,,,,35.0,,,,,,,,,,,,,,,,,,,,,,,,,,,,,,,,,,,,,,,,,,,,,,,,,,,,,,,,,,,,,,,,,,,,,
1247,1247,A2,1066.0,Occupied,,1081.0,2019-05-01,2020-03-31,1081.0,,,,,,,,,,,,-428.0,,,,,,,,,,,,,,,,,,,,,,,,,,,,,,,,,,,,,,,,,,,,,,,,,,,,,,,,,,,,,,
13726,13726,A2,867.0,Occupied,,1190.0,2019-04-12,2020-07-31,1190.0,,,,,,,,,,,125.0,,,,,,,,,,,,,,,,,,,,,,,,,,,,,,,,,,,,,,,,,,,,,,,,,,,,,,,,,,,,,,,
14336,14336,C1,1256.0,Occupied,,1540.0,2018-07-07,2019-08-06,1471.0,,,,,,,,,,,125.0,,,,,,,,,,,,,,,,,,,,,,,,,,,,,,,,,,,,,,,,,,,,,,,,,,,,,,,,,,,,,,,
1428,1428,A2,867.0,Occupied,F,1180.0,2023-10-20,2024-11-19,1180.0,,,,,,,,,,,,,,,,,,,,,,,,,,,,,,,,,,,,,,,,,,,,,,,,,,,,,,,,,,,,,,,,,,,,,,,,,,
1428,1428,A2,647.0,Occupied,F,1076.0,2023-10-10,2024-10-31,1076.0,,,,,,,,,,,,,,,,,,,,,,,,,,,,,,,,,,,,,,,,,,,,,,,,,,,,,,,,,,,,,,,,,,,,,,,,,,
1428D,1428D,A2,867.0,Occupied,F,1165.0,2019-06-01,2020-06-30,1095.0,,,,,35.0,,,,,,,,,,,,,,,,,,,,,,,,,,,,,,,,,,,,,,,,,,,,,,,,,,,,,,,,,,,,,,,,,,,,,
1216,1216,A2,867.0,Occupied,,1155.0,2019-05-20,2020-06-30,1155.0,,,,,,,,,,,,,,,,,,,,,,,,,,,,,,,,,,,,,,,,,,,,,,,,,,,,,,,,,,,,,,,,,,,,,,,,,,
1216,1216,A2,867.0,Occupied,,1125.0,2018-07-27,2019-09-26,,,,,,,,,,,,,,,,,,,,,,,,,,,,,,,,,,,,,,,,,,,,,,,,,,,,,,,,,,,,,,,,,,,,,,,,,,,
1216,1216,A1,736.0,Occupied,,1103.0,2019-02-23,2020-04-30,1093.0,,,,,,,,,,,,,,,,,,,,,,,,,,,,,,,,,,,,,,,,,,,,,,,,,,,,,,,,,,,,,,,,,,,,,,,,,,
1376,1376,A2,867.0,Occupied,,1200.0,2019-06-01,2020-06-30,1200.0,,,,,,,,,,,,,,,,,,,,,,,,,,,,,,,,,,,,,,,,,,,,,,,,,,,,,,,,,,,,,,,,,,,,,,,,,,
137,137,60212,885.0,Occupied,,1200.0,2018-04-18,2019-05-31,,,0.0,,,,,,,,,,,,,,,,,,,,,,,,,,,,,,,,,,,,,,,,,,,,,,,,,,,,,,,,,,,,,,,,,,,,,,,,
137,137,A2,720.0,Occupied,,1093.0,2019-08-23,2020-09-30,1083.0,,,,35.0,,,,,,,,,,,,,,,,,,,,,,,,,,,,,,,,,,,,,,,,,,,,,,,,,,,,,,,,,,,,,,,,,,,,,,
3216,3216,A2,867.0,Occupied,,1200.0,2019-06-21,2020-06-30,1210.0,,,,,,,,,,,,,,,,,,,,,,,,,,,,,,,,,,,,,,,,,,,,,,,,,,,,,,,,,,,,,,,,,,,,,,,,,,
3216,3216,B2,1253.0,Occupied,,1475.0,2019-06-14,2020-07-13,1458.0,-147.5,,,,,,,,,,,,,,,,,,,,,,,,,,,,,,,,,,,,,,,,,,,,,,,,,,,,,,,,,,,,,,,,,,,,,,,,,
1376L,1376L,A2,911.0,Occupied,,1200.0,2019-02-01,2020-03-31,1200.0,,,,,,,,,,,125.0,,,,,,,,,,,,,,,,,,,,,,,,,,,,,,,,,,,,,,,,,,,,,,,,,,,,,,,,,,,,,,,
1227,1227,A2,867.0,Occupied,F,1200.0,2019-07-01,2020-06-30,1258.0,,,,,,,,,,,,,,,,,,,,,,,,,,,,,,,,,,,,,,,,,,,,,,,,,,,,,,,,,,,,,,,,,,,,,,,,,,
1247B,1247B,A1,736.0,Occupied,,1093.0,2018-09-10,2019-10-09,1083.0,,,,35.0,,,,,,,,,,,,,,,,,,,,,,,,,,,,,,,,,,,,,,,,,,,,,,,,,,,,,,,,,,,,,,,,,,,,,,
1217,1217,A1,736.0,Occupied,,1093.0,2018-12-29,2019-01-30,1093.0,,,,35.0,,,,,,,125.0,,,,,,,,,,,,,,,,,,,,,,,,,,,,,,,,,,,,,,,,,,,,,,,,,,,,,,,,,,,,,,,
1217,1217,A2,867.0,Occupied,,1190.0,2019-06-07,2020-06-30,1190.0,,,15.0,,,,,,,,,,,,,,,,,,,,,,,,,,,,,,,,,,,,,,,,,,,,,,,,,,,,,,,,,,,,,,,,,,,,,,,
1217,1217,B1,754.0,Occupied,,1121.0,2019-02-10,2020-02-09,1121.0,,,,,,,,,,,,,,,,,,,,,,,,,,,,,,,,,,,,,,,,,,,,,,,,,,,,,,,,,,,,,,,,,,,,,,,,,,
1217,1217,A2,867.0,Occupied,,1185.0,2019-06-14,2020-07-13,1185.0,,,,,,,,,,20.0,,,,,,,,,,,,,,,,,,,,,,,,,,,,,,,,,,,,,,,,,,,,,,,,,,,,,,,,,,,,,,,,
117C,117C,A1,736.0,Occupied,,1103.0,2019-06-08,2020-07-07,1093.0,,,,,,,,,,,,,,,,,,,,,,,,,,,,,,,,,,,,,,,,,,,,,,,,,,,,,,,,,,,,,,,,,,,,,,,,,,
12206,12206,A1,735.0,Occupied,,1095.0,2019-01-25,2020-02-24,1085.0,,,,,,,,,,,,,,,,,,,,,,,,,,,,,,,,,,,,,,,,,,,,,,,,,,,,,,,,,,,,,,,,,,,,,,,,,,
12206,12206,B2,1251.0,Occupied,,1520.0,2018-06-04,2019-07-03,1478.0,-1520.0,,,,,,,,,,,,,,,,,,,,,,,,,,,,,,,,,,,,,,,,,,,,,,,,,,,,,,,,,,,,,,,,,,,,,,,,,
12206,12206,B2,1255.0,Occupied,,1520.0,2018-01-08,2019-05-07,,,,,,,,,,,,,,35.0,25.0,1478.0,,,,,,,,,,,,,,,,,,,,,,,,,,,,,,,,,,,,,,,,,,,,,,,,,,,,,,,,,,,
12206,12206,A2,867.0,Occupied,,935.0,2018-07-03,2019-08-02,,,0.0,,,,,,,,,,,,,895.0,20.0,,,,,,,,,,,,,,,,,,,,,,,,,,,,,,,,,,,,,,,,,,,,,,,,,,,,,,,,,,
12206,12206,A2,647.0,Occupied,,935.0,2018-09-14,2019-10-31,915.0,,,,,,,Occupied,,,,,,,,,,,,,,,,,,,,,,,,,,,,,,,,,,,,,,,,,,,,,,,,,,,,,,,,,,,,,,,,,,,
3554C,3554C,A1CF,706.0,Occupied-NTVL,N,979.0,2018-09-04,2019-11-03,,,-15.6,,,,,,,,,,,,,,0.0,0.0,0.0,0.0,882.0,882.0,882.0,,,,,,,,,,,,,,,,,,,,,,,,,,,,,,,,,,,,,,,,,,,,,,,,,,,,
3554C,3554C,A1CF,706.0,Occupied-NTVL,F,979.0,2019-12-05,2020-12-04,,,99.0,,,,,,,,,,,,,,0.0,0.0,0.0,0.0,979.0,0.0,0.0,,,,,,,,,,,,,,,,,,,,,,,,,,,,,,,,,,,,,,,,,,,,,,,,,,,,
12106B,12106B,A2,867.0,Occupied,,1180.0,2019-05-23,2020-06-30,965.0,-233.0,,,,,,,,,80.0,,,,,,,,,,,,,20.0,,,,,,,,,,,,,,,,,,,,,,,,,,,,,,,,,,,,,,,,,,,,,,,,,,,
138,138,60212c2,1176.0,Occupied,,1200.0,2018-09-01,2019-08-31,1050.0,,,,,,,,,,,,,,,,,,,,,,,,,,,,,,,,,,,,,,,,,,,,,,,,,,,,,,,,,,,,,,,,,,,,,,,,,,
138,138,A1,522.0,Occupied,,736.0,2019-06-01,2019-11-30,736.0,,,,,,,,,,,,,,,,,,,,,,,,,,,,,,,,,,,,,,,,,,,,,,,,,,,,,,,,,,,,,,,,,,,,,,,,,,
138,138,A1,522.0,Occupied,,635.0,2019-05-03,2020-05-04,,,,,,,,,,,,,,,,,,,,,,,,,F,F,,,,,,,,,,,,,,,,,,,,,,,,,,,,,,,,,,,,,,,,,,,,,,,,,
1218,1218,B1,1176.0,Occupied,,1425.0,2018-11-08,2019-12-07,1361.0,,,,,,,,,,,125.0,,,,,,,,,,,,,,,,,,,,,,,,,,,,,,,,,,,,,,,,,,,,,,,,,,,,,,,,,,,,,,,
1218,1218,B1,1176.0,Occupied,F,1425.0,2019-12-08,2020-12-31,1425.0,,,,,,,,,,,125.0,,,,,,,,,,,,,,,,,,,,,,,,,,,,,,,,,,,,,,,,,,,,,,,,,,,,,,,,,,,,,,,
1218,1218,A2,867.0,Occupied,F,1155.0,2023-09-01,2024-09-30,1008.0,,,,,,,,,,,,,,,,,,,,,,,,,,150.0,,,,,,,,,,,,,,,,,,,,,,,,,,,,,,,,,,,,,,,,,,,,,,,,
1218,1218,A2,867.0,Occupied,F,1155.0,2024-09-30,2024-09-30,1008.0,,,,,,,,,,,,,,,,,,,,,,,,,,150.0,,,,,,,,,,,,,,,,,,,,,,,,,,,,,,,,,,,,,,,,,,,,,,,,
1218,1218,A2,867.0,Occupied,,1175.0,2019-07-01,2020-08-31,1175.0,,,,,,,Occupied,,,,,,,,,,,,,,,,,,,,,,,,,,,,,,,,,,,,,,,,,,,,,,,,,,,,,,,,,,,,,,,,,,,
13782,13782,B1,1176.0,Occupied,,1440.0,2018-06-01,2019-06-30,1376.0,,,,,,,,,,,,,,,,,,,,,,,,,,,,,,,,,,,,,,,,,,,,,,,,,,,,,,,,,,,,,,,,,,,,,,,,,,
1215,1215,A2,867.0,Occupied,,1190.0,2018-12-01,2019-12-31,1190.0,,,,,,,,,,,,,,,,,,,,,,,,,,,,,,,,,,,,,,,,,,,,,,,,,,,,,,,,,,,,,,,,,,,,,,,,,,
1234A,1234A,B2,1124.0,Occupied,F,1200.0,2024-05-01,2025-04-30,1200.0,,,,,,,,,,,,,,,,,,,,,,,,,,,,,,,,,,,,,,,,,,,,,,,,,,,,,,,,,,,,,,,,,,,,,,,,,,
1234A,1234A,A2,867.0,Occupied,,1138.0,2018-07-17,2019-08-16,1138.0,,,,,,,,,,,,,,,,,,,,,,,,,,,,,,,,,,,,,,,,,,,,,,,,,,,,,,,,,,,,,,,,,,,,,,,,,,
1338A,1338A,B2,947.0,Occupied,,1225.0,2018-07-23,2019-08-22,1133.0,,,,,,,Occupied,,,,,,,,,,,,,,,,,,,,,,,,,,,,,,,,,,,,,,,,,,,,,,,,,,,,,,,,,,,,,,,,,,,
12208,12208,A2,867.0,Occupied,,1180.0,2018-05-15,2019-07-14,1180.0,,,,,,,,,,,,,,,,,,,,,,,,,,,,,,,,,,,,,,,,,,,,,,,,,,,,,,,,,,,,,,,,,,,,,,,,,,
12208,12208,A2,867.0,Occupied,F,1180.0,,,,,,,,,,,,,,,,,,,,,,,,,,,,,,,,,,,,,,,,,,,,,,,,,,,,,,,,,,,,,,,,,,,,,,,,,,,,,
12208,12208,A1,736.0,Occupied,,1093.0,2019-05-30,2020-06-30,1240.0,,,,,,,,,,,,,,,,,,,,,,,,,,,Occupied,,,,,,,,,,,,,,,,,,,,,,,,,,,,,,,,,,,,,,,,,,,,,,,
12208,12208,A1,736.0,Occupied,,1103.0,2018-10-01,2019-11-30,1093.0,,,,35.0,10.0,,,,,,,,,,,,,,,,,,,,,,,,,,,,,,,,,,,,,,,,,,,,,,,,,,,,,,,,,,,,,,,,,,,,,
12208,12208,A2,867.0,Occupied,,1160.0,2018-02-28,2019-03-30,1160.0,,,,,,,Occupied,,,,,,,,,,,,,,,,,,,,,,,,,,,,,,,,,,,,,,,,,,,,,,,,,,,,,,,,,,,,,,,,,,,
12208,12208,A2,867.0,Occupied,F,1160.0,2019-05-01,2020-01-31,1160.0,,,,,,,,,,15.0,,,,,,,,,,,,,,,,,,,,,,,,,,,,,,,,,,,,,,,,,,,,,,,,,,,,,,,,,,,,,,,,
12208,12208,B2,1251.0,Occupied,,1480.0,2019-06-01,2020-06-30,,,,,,,,,,,,,,,,,,,,,,,,,,,,,2019-06-01,241.5,,,,,,,,,,,,,,,,,,,,,,,,,,,,,,,,,,,,,,,,,,,,,
12208,12208,B2,1259.0,Occupied,,1520.0,2018-04-12,2019-05-11,1478.0,,,,,,,,,,,,,,,,,,,,,,,,,,,,,,,,,,,,,,,,,,,,,,,,,,,,,,,,,,,,,,,,,,,,,,,,,,
12208,12208,B2,1251.0,Occupied,,1530.0,2017-12-20,2019-02-19,1488.0,,,,35.0,,,,,,,,,,,,,,,,,,,,,,,,,,35.0,,,,,,,,,,,,,,,,,,,,,,,,,,,,,,,,,,,,,,,,,,,,
236,236,A2,867.0,Occupied,,1200.0,2019-03-01,2019-08-31,1275.0,,,,,,,,,,,,,,,,,,,,,,,,,,,,,,,,,,,,,,,,,,,,,,,,,,,,,,,,,,,,,,,,,,,,,,,,,,
1234W,1234W,A2,867.0,Occupied,,1190.0,2020-01-23,2021-03-22,1190.0,,,15.0,,,,,,,,,,,,,,,,,,,,,,,,,,,,,,,,,,,,,,,,,,,,,,,,,,,,,,,,,,,,,,,,,,,,,,,
2371,2371,A2,720.0,Occupied-NTV,,1093.0,2018-09-28,2019-10-31,1083.0,,,,,,,,,,,,,,,,,,,,,,,,,,,,,,,,,,,,,,,,,,,,,,,,,,,,,,,,,,,,,,,,,,,,,,,,,,
139,139,60212c1,1076.0,Occupied,,1200.0,2018-12-28,2021-01-31,1210.0,,,,,,,,,,,,,,,,,,,,,,,,,,,,,,,-200.0,,,,,,,,,,,,,,,,,,,,,,,,,,,,,,,,,,,,,,,,,,,
1234,1234,A2,867.0,Occupied,,1190.0,2019-02-08,2020-03-07,1190.0,,,,,,,,,,,,,,,,,,,,,,,,,,,,,,,,,,,,,,,,,,,,,,,,,,,,,,,,,,,,,,,,,,,,,,,,,,
1234,1234,A2,867.0,Occupied,,1175.0,2018-11-15,2019-12-31,1195.0,,,,,,,,,,,,,,,,,,,,,,,,,,,,,,,,,,,,,,,,,,,,,,,,,,,,,,,,,,,,,,,,,,,,,,,,,,
1234,1234,A1,736.0,Occupied,F,1070.0,2023-09-30,2024-09-30,1070.0,,,,,,,,,,,,,,,,,,,,,,,,,,,,,,,,,,,,,,,,,,,,,,,,,,,,,,,,,,,,,,,,,,,,,,,,,,
1510A,1510A,B2,1446.0,Occupied,,1545.0,2019-01-01,2019-06-30,1491.0,,,,,,,,,,40.0,,,,,,,,,,,,,,,,,,,,,,,,,,,,,,,,,,,,,,,,,,,,,,,,,,,,,,,,,,,,,,,,
237,237,A2,867.0,Vacant,,1165.0,,,,,,,,,,,,,,,,,,,,,,,,,,,,,,,,,,,,,,,,,,,,,,,,,,,,,,,,,,,,,,,,,,,,,,,,,,,,,
2374A,2374A,A1,736.0,Occupied,,1078.0,2019-07-27,2020-08-26,1078.0,,,,,,,,,,,,,,,,,,,,,,,,,,,,,,,,,,,,,,,,,,,,,,,,,,,,,,,,,,,,,,,,,,,,,,,,,,
2354E,2354E,A1,736.0,Occupied,,1093.0,2019-07-05,2020-07-31,0.0,,,15.0,,,,,,,,,,,,,,,,,,,,,,,,,,,,,,,,,,,,,,,,,,,,,,,,,,,,,,,,,,,,,,,,,,,,,,,
2354E,2354E,A1,736.0,Occupied,F,1093.0,2021-07-31,,,,,,,,,,,,,,,,,,,,,,,,,,,,,,,,,,,,,,,,,,,,,,,,,,,,,,,,,,,,,,,,,,,,,,,,,,,,
3560A,3560A,A1AF,561.0,Occupied,F,919.0,2018-11-01,2019-10-31,,,,,,,,,,,,,,,,,0.0,0.0,0.0,0.0,880.0,,,,,,,,,,,,,,,,,,,,,,,,,,,,,,,,,,,,,,,,,,,,,,,,,,,,,,
3560A,3560A,A1AF,561.0,Occupied,F,919.0,2019-10-31,2020-10-31,,,,,,,,,,,,,,,,,0.0,0.0,0.0,0.0,942.0,,,,,,,,,,,,,,,,,,,,,,,,,,,,,,,,,,,,,,,,,,,,,,,,,,,,,,
1440,1440,A1,522.0,Occupied,,635.0,2019-05-10,2020-05-10,,,,,,,,,,,,,,,,,,,,,,,,,FUTURE,,,,,,,,,,,,,,,,,,,,,,,,,,,,,,,,,,,,,,,,,,,,,,,,,,
1440,1440,A2,867.0,Occupied,,1175.0,2019-05-05,2020-06-30,1185.0,,,,,,,,,,,,,,,,,,,,,,,,,,,,,,,,,,,,,,,,,,,,,,,,,,,,,,,,,,,,,,,,,,,,,,,,,,
14360B,14360B,A1,522.0,Occupied,,759.0,2019-05-09,2020-05-31,329.0,,,,,,430.0,,,,,,,,,,,,,,,,,,,,,,,,,,,,,,,,,,,,,,,,,,,,,,,,,,,,,,,,,,,,,,,,,,,,
1434D,1434D,A2,654.0,Occupied,,1021.0,2019-03-05,2020-03-31,1021.0,,,,,,,,,,,,,,,,,,,,,,,,,,,,,,,,,,,,,,,,,,,,,,,,,,,,,,,,,,,,,,,,,,,,,,,,,,
140,140,60212c2,1227.0,Occupied,,1140.0,2019-07-17,2020-07-31,160.0,110.0,,,,,,,,,50.0,,,,,,,,,,,,,,,,,,,,,,,,,,,,,,,,,,,,,,,,,,,,,,,,,,,,,,,,,,,,,,,,
1345,1345,A2,647.0,Occupied,,1011.0,2018-08-20,2019-10-19,1011.0,-252.0,,,,,,,,,,,,,,,,,,,,,,,,,,,,,,,,,,,,,,,,,,,,,,,,,,,,,,,,,,,,,,,,,,,,,,,,,
13860,13860,A2,736.0,Occupied,,1078.0,2019-05-01,2020-04-30,1028.0,,,,,,,,,,,,,,,,,,,,,,,,,,,,,,,,,,,,,,,,,,,,,,,,,,,,,,,,,,,,,,,,,,,,,,,,,,
1240B,1240B,A2,886.0,Occupied,,889.0,2018-07-21,2019-08-20,879.0,,,,,,,,,,,,,,,,,,,,,,,,,,,,,,,,,,,,,,,,,,,,,,,,,,,,,,,,,,,,,,,,,,,,,,,,,,
1240B,1240B,A2,886.0,Occupied,F,889.0,2019-07-31,2019-08-20,909.0,,,,,,,,,,,,,,,,,,,,,,,,,,,,,,,,,,,,,,,,,,,,,,,,,,,,,,,,,,,,,,,,,,,,,,,,,,
144,144,A2,647.0,Occupied,,970.0,2019-03-01,2020-02-29,970.0,,,,,,,,,,,,,,,,,,,,,,,,,,,,,,,,,,,,,,,,,,,,,,,,,,,,,,,,,,,,,,,,,,,,,,,,,,
144,144,A1,522.0,Occupied,,1003.0,2019-06-24,2020-06-30,521.0,,,,,,,,,,502.0,,,,,,,,,,,,,,,,,,,,,,,,,,,,,,,,,,,,,,,,,,,,,,,,,,,,,,,,,,,,,,,,
1440L,1440L,A2,647.0,Occupied,,1005.0,2019-04-26,2020-05-26,989.0,,,,,,,,,,,,,,,,,,,,,,,,,,,,,,,,,,,,,,,,,,,,,,,,,,,,,,,,,,,,,,,,,,,,,,,,,,
14130,14130,A2,783.0,Occupied,,1125.0,2018-09-15,2019-10-14,1125.0,,,,,,,,,,,125.0,,,,,,,,,,,,,,,,,,,,,,,,,,,,,,,,,,,,,,,,,,,,,,,,,,,,,,,,,,,,,,,
12480N,12480N,A1,736.0,Occupied,,1111.0,2019-04-04,2020-04-30,1111.0,,,,,,,,,,,,,,,,,,,,,,,,,,,,,,,,,,,,,,,,,,,,,,,,,,,,,,,,,,,,,,,,,,,,,,,,,,
1003,1003,60212d1,1153.0,Occupied,,1110.0,2018-10-01,2019-09-30,1108.0,,,,35.0,,,,,,,,,,,,,,,,,,,,,,,,,,,,,,,,,,,,,,,,,,,,,,,,,,,,,,,,,,,,,,,,,,,,,,
1003,1003,60212c1,1153.0,ad5207,Ashley Jones,1260.0,2017-05-15,2018-05-31,,,7975.0,,,,,,,,,,,,,,,,,,,,,,,,,,,,,,2018-10-10,,,,,,,,,,,,,,,,,,,,,,,,,,,,,,,,,,,,,,,,,,
223,223,60201,949.0,VACANT,F,970.0,2022-12-19,2023-12-31,970.0,,,,,,,,,,,,,,,,,,,,,,,,,,,,,,,,,,,,,,,,,,,,,,,,,,,,,,,,,,,,,,,,,,,,,,,,,,
1385,1385,A2,647.0,Occupied,,971.0,2018-11-01,2019-10-31,1000.0,,,,,,,,,,,,,,,,,,,,,,,,,,,,,,,,,,,,,,,,,,,,,,,,,,,,,,,,,,,,,,,,,,,,,,,,,,
14280,14280,A2,647.0,Occupied,,975.0,2018-09-12,2019-10-11,,,,,,,,,,,,,,,,,,,,,,,,,,,,Occupied,,,,,,,,,,,,,,,,,,,,,,,,,,,,,,,,,,,,,,,,,,,,,,,
14280,14280,A2,867.0,Occupied,,1235.0,2019-02-23,2020-03-31,1205.0,,,,,,,Occupied,,,30.0,,,,,,,,,,,,,,,,,,,,,,,,,,,,,,,,,,,,,,,,,,,,,,,,,,,,,,,,,,,,,,,,
14360R,14360R,A1,736.0,Occupied,F,1103.0,2019-05-02,2020-04-30,1103.0,,,,,,,,,,25.0,,,,,,,,,,,,,,,,,,,,,,,,,,,,,,,,,,,,,,,,,,,,,,,,,,,,,,,,,,,,,,,,
1448,1448,A2,647.0,Occupied,,995.0,2019-06-01,2019-11-30,917.0,,,,,,,,,,,,,,,,,,,,,,,,,,,,,,,,,,,,,,,,,,,,,,,,,,,,,,,,,,,,,,,,,,,,,,,,,,
1226,1226,A1,522.0,Occupied,,735.0,2019-04-26,2020-05-31,736.0,,,,,,,,,,,,,,,,,,,,,,,,,,,,,,,,,,,,,,,,,,,,,,,,,,,,,,,,,,,,,,,,,,,,,,,,,,
1226,1226,A1,736.0,Occupied,,1103.0,2018-10-27,2019-12-26,1093.0,,,,,,,,,,,,,,,,,,,,,,,,,,,,,,,,,,,,,,,,,,,,,,,,,,,,,,,,,,,,,,,,,,,,,,,,,,
1226,1226,A1,736.0,Occupied,F,1103.0,2019-05-24,2020-06-30,1093.0,-545.0,,15.0,,,,,,,,,,,,,,,,,,,,,,,,,,,,,,,,,,,,,,,,,,,,,,,,,,,,,,,,,,,,,,,,,,,,,,,
1226,1226,A2,867.0,Occupied,,905.0,2018-08-15,2019-09-30,895.0,,,,,,,,,,,,,,,,,,,,,,,,,,,,,,,,,,,,,,,,,,,,,,,,,,,,,,,,,,,,,,,,,,,,,,,,,,
1224,1224,A2,867.0,Occupied,,1155.0,2018-08-11,2019-09-30,1253.0,,,,,,,,,,30.0,,,,,,,,,,,,,,,,,,,,,,,,,,,,,,,,,,,,,,,,,,,,,,,,,,,,,,,,,,,,,,,,
1224,1224,A2,864.0,Occupied,F,1189.0,2023-08-31,2024-09-30,1189.0,,,,,,,,,,,,,,,,,,,,,,,,,,,,,,,,,,,,,,,,,,,,,,,,,,,,,,,,,,,,,,,,,,,,,,,,,,
1224,1224,A2,867.0,Occupied,F,1190.0,2023-06-30,2024-06-30,1190.0,,,,,,,,,,,,,,,,,,,,,,,,,,,,,,,,,,,,,,,,,,,,,,,,,,,,,,,,,,,,,,,,,,,,,,,,,,
1224,1224,A2,867.0,Occupied,,1190.0,2019-02-09,2020-03-08,1190.0,,,,,,,,,,,,,,,,,,,,,,,,,,,,,,,,,,,,,,,,,,,,,,,,,,,,,,,,,,,,,,,,,,,,,,,,,,
1224,1224,A2,867.0,Occupied-NTV,,1180.0,2018-06-09,2019-08-08,1190.0,,,15.0,,,,,,,,,,,,,,,,,,,,,,,,,,,,,,,,,,,,,,,,,,,,,,,,,,,,,,,,,,,,,,,,,,,,,,,
1456B,1456B,A1,522.0,Occupied,,635.0,2019-09-11,2020-09-30,,,,,,,636.0,,,,15.0,,,,,,,,,,,,,,,,,,,,,,,,,,,,,,,,,,,,,,,,,,,,,,,,,,,,,,,,,,,,,,,,
124,124,A1,522.0,Occupied,,705.0,2019-06-21,2019-08-31,695.0,,,,,,,,,,,,,,,,,,,,,,,,,,,,,,,,,,,,,,,,,,,,,,,,,,,,,,,,,,,,,,,,,,,,,,,,,,
124,124,A1,736.0,Occupied,,1093.0,2018-10-01,2019-10-31,1083.0,,,,35.0,,,,,,,,,,,,,,,,,,,,,,,,,,,,,,,,,,,,,,,,,,,,,,,,,,,,,,,,,,,,,,,,,,,,,,
124,124,A2,867.0,Occupied,,1190.0,2019-04-05,2020-05-31,1180.0,,,,,,,,,,,,,,,,,,,,,,,,,,,,,,,,,,,,,,,,,,,,,,,,,,,,,,,,,,,,,,,,,,,,,,,,,,
224,224,60207c3,895.0,Occupied,,910.0,2019-06-01,2020-08-31,859.0,,,,,,,,,,,,,,,,,,,,,,,,,,,,,,,,,,,,,,,,,,,,,,,,,,,,,,,,,,,,,,,,,,,,,,,,,,
1238W,1238W,A1,736.0,Occupied,,1078.0,2018-08-01,2019-09-30,1068.0,,,,70.0,,,,,,,,,,,,,,,,,,,,,,,,,,,,,,,,,,,,,,,,,,,,,,,,,,,,,,,,,,,,,,,,,,,,,,
1426,1426,A3,1196.0,Occupied,,1440.0,2018-09-01,2019-10-31,1376.0,,,,,,,,,,,,,,,,,,,,,,,,,,,,,,,,,,,,,,,,,,,,,,,,,,,,,,,,,,,,,,,,,,,,,,,,,,
11558,11558,A1,736.0,Occupied,,1078.0,2019-05-11,2020-06-30,1068.0,,,,,,,,,,,,,,,,,,,,,,,,,,,,,,,,,,,,,,,,,,,,,,,,,,,,,,,,,,,,,,,,,,,,,,,,,,
1235,1235,A1,736.0,Vacant,,1103.0,,,,,,,,,,,,,,,,,,,,,,,,,,,,,,,,,,,,,,,,,,,,,,,,,,,,,,,,,,,,,,,,,,,,,,,,,,,,,
1235,1235,A1,736.0,Occupied,,1103.0,2019-02-28,2020-03-31,1103.0,,,,,,,,,,,,,,,,,,,,,,,,,,,,,,,,,,,,,,,,,,,,,,,,,,,,,,,,,,,,,,,,,,,,,,,,,,
1438,1438,A2,867.0,Occupied,,1180.0,2019-04-23,2020-06-30,,,,,,,,,,,,,,,,,,,,,,,,,,,,,,,,,,,,,,,,,,,,,,,,,,,,,,,,,,,,,,,,,,,,,,,,,,,
1238,1238,A1,736.0,Occupied,,1093.0,2019-04-01,2020-04-30,1103.0,,,,,,,,,,,,,,,,,,,,,,,,,,,,,,,,,,,,,,,,,,,,,,,,,,,,,,,,,,,,,,,,,,,,,,,,,,
1238,1238,A2,867.0,Occupied,,1170.0,2018-08-08,2019-09-30,1170.0,,,,35.0,,,,,,,,,,,,,,,,,,,,,,,,,,,,,,,,,,,,,,,,,,,,,,,,,,,,,,,,,,,,,,,,,,,,,,
1238,1238,A2,867.0,Occupied,,1185.0,2019-02-01,2020-03-31,1185.0,,,,,,,,,,,,,,,,,,,,,,,,,,,,,,,,,,,,,,,,,,,,,,,,,,,,,,,,,,,,,,,,,,,,,,,,,,
1238,1238,A2,867.0,Occupied,,1180.0,2019-03-16,2020-05-15,1180.0,,,,,,,,,,,,,,,,,,,,,,,,,,,,,,,,,,,,,,,,,,,,,,,,,,,,,,,,,,,,,,,,,,,,,,,,,,
3564A,3564A,C1A,1206.0,Occupied,F,1329.0,2011-06-24,2019-12-31,1162.0,,,,,,,,,,,,,,,,,,,,,,,,,,,,,,,,,,,,,,,,,,,,,,,,,,,,,,,,,,,,,,,,,,,,,,,,,,
3564A,3564A,C1A,1206.0,Occupied,F,1329.0,2020-01-01,2020-12-31,1213.0,,,,,,,,,,,,,,,,,,,,,,,,,,,,,,,,,,,,,,,,,,,,,,,,,,,,,,,,,,,,,,,,,,,,,,,,,,
1420,1420,C1,1206.0,Occupied,,1455.0,2018-10-20,2019-11-19,1455.0,-1455.0,,,,,,,,,,,,,,,,,,,,,,,,,,,,,,,,,,,,,,,,,,,,,,,,,,,,,,,,,,,,,,,,,,,,,,,,,
2348B,2348B,A1,736.0,Occupied,,1078.0,2019-02-23,2020-04-30,1068.0,,,,,,,,,,,,,,,,,,,,,,,,,,,,,,,,,,,,,,,,,,,,,,,,,,,,,,,,,,,,,,,,,,,,,,,,,,
225,225,60212c3,1227.0,Occupied,,1130.0,2018-09-08,2019-10-07,,,,,,,,Occupied,,,,,,,,,,,,,,,,,,,,,,,,,,,,,,,,,,,,,,,,,,,,,,,,,,,,,,,,,,,,,,,,,,,
3566A,3566A,B2A,1042.0,Occupied,,1099.0,2013-08-30,2019-12-29,,,0.0,,,,,,,,,,,,,,0.0,0.0,0.0,0.0,952.0,,,,,,,,,,,,,,,,,,,,,,,,,,,,,,,,,,,,,,,,,,,,,,,,,,,,,,
3566A,3566A,B2A,1042.0,Occupied,F,1099.0,2019-12-30,2020-12-29,,,0.0,,,,,,,,,,,,,,0.0,0.0,0.0,0.0,1000.0,,,,,,,,,,,,,,,,,,,,,,,,,,,,,,,,,,,,,,,,,,,,,,,,,,,,,,
3566B,3566B,B2AF,1042.0,Occupied,,1299.0,2020-06-01,2020-06-01,,,,,,,,,,,,,,,,,,,,,,,,,,,,,,,,,,,,,,,,,,,,,,,,,,,,,,,,,,,,,,,,,,,,,,,,,,,
Joey,3566C,B2AF,1042.0,Occupied,,1299.0,2019-07-09,2020-07-08,,,0.0,,,,,,,,,,,,,,0.0,0.0,0.0,0.0,1068.0,,0.0,,,,,,,0.0,,,,,0.0,,,,,,,,,,,,,,,,,,,,,,,,,,,,,,,,,,,,,,,,
1387E,1387E,A2,867.0,Occupied,,1180.0,2019-09-22,2020-10-21,1180.0,,,,,,,Occupied,,,,,,,,,,,,,,,,,,,,,,,,,,,,,,,,,,,,,,,,,,,,,,,,,,,,,,,,,,,,,,,,,,,
3566E,3566E,B2AP,1042.0,Occupied,,1199.0,2017-10-12,2020-01-11,,,0.0,,,,,,,,,,,,,,0.0,0.0,0.0,0.0,1074.0,,,,,,,,,,,,,,,,,,,,,,,,,,,,,,,,,,,,,,,,,,,,,,,,,,,,,,
3566F,3566F,B2AF,1042.0,Occupied,F,1299.0,2019-05-31,2019-11-30,1022.0,,,,,,,,,,,,,,,,0.0,0.0,0.0,0.0,,,,,,,,,,,,,,,,,,,,,,,,,,,,,,,,,,,,,,,,,,,,,,,,,,,,,,,
3566F,3566F,B2AF,1042.0,Occupied,F,1299.0,2020-11-30,2020-11-30,1073.0,,,,,,,,,,,,,,,,0.0,0.0,0.0,0.0,,,,,,,,,,,,,,,,,,,,,,,,,,,,,,,,,,,,,,,,,,,,,,,,,,,,,,,
3566G,3566G,B2AP,1042.0,Occupied-NTV,,1199.0,2016-07-29,2019-12-07,,,,,,,,,,,,,,,,,,,,,,,,,,,,,,,,,,,,,,,,,,,,,,,,,,,,,,,,,,,,,,,,,,,,,,,,,,,
234,234,A2,867.0,Occupied,,1175.0,2019-05-01,2020-04-30,1238.0,,,,,,,,,,,,,,,,,,,,,,,,,,,,,,,,,,,,,,,,,,,,,,,,,,,,,,,,,,,,,,,,,,,,,,,,,,
3568A,3568A,A1AF,561.0,Occupied,F,919.0,2018-11-01,2019-10-31,854.0,,,,,,,,,,,,,,,,,,,,,,,,,,,,,,,,,,,,,,,,,,,,,,,,,,,,,,,,,,,,,,,,,,,,,,,,,,
3568A,3568A,A1AF,561.0,Occupied,F,919.0,2019-10-31,2020-10-31,914.0,,,,,,,,,,,,,,,,,,,,,,,,,,,,,,,,,,,,,,,,,,,,,,,,,,,,,,,,,,,,,,,,,,,,,,,,,,
2368A,2368A,A1,512.0,Occupied,,730.0,2019-06-01,2019-11-30,751.0,,,,,,,,,,,,,,,,,,,,,,,,,,,,,,,,,,,,,,,,,,,,,,,,,,,,,,,,,,,,,,,,,,,,,,,,,,
226,226,60212a2,886.0,Occupied,,1250.0,2019-02-13,2020-04-30,1250.0,,,,,,,,,,,125.0,,,,,,,,,,,,,,,,,,,,,,,,,,,,,,,,,,,,,,,,,,,,,,,,,,,,,,,,,,,,,,,
2344B,2344B,A1,522.0,Occupied,F,739.0,2019-07-01,2020-06-30,739.0,,,,,,,,,,,,,,,,,,,,,,,,,,,,,,,,,,,,,,,,,,,,,,,,,,,,,,,,,,,,,,,,,,,,,,,,,,
2368B,2368B,A1,640.0,Occupied,,1071.0,2019-04-01,2020-03-31,1061.0,,,,,,,,,,,,,,,,,,,,,,,,,,,,,,,,,,,,,,,,,,,,,,,,,,,,,,,,,,,,,,,,,,,,,,,,,,
3568E,3568E,A1AF,561.0,,,,,,,,,,,,,,,,,,,,,,,,,,,,,,,,,,,,,,,,,,,,,,,,,,,,,,,,,,,,,,,,,,,,,,,,,,,,,,,,
3568E,3568E,A1AF,561.0,,,,,,,,,,,,,,,,,,,,,,,,,,,,,,,,,,,,,,,,,,,,,,,,,,,,,,,,,,,,,,,,,,,,,,,,,,,,,,,,
3568F,3568F,A1A,561.0,Occupied,F,789.0,2014-10-03,2019-12-31,,,,,,,,,,,,,,,,,0.0,0.0,0.0,0.0,729.0,,,,,,,,,,,,,,,,,,,,,,,,,,,,,,,,,,,,,,,,,,,,,,,,,,,,,,
3568F,3568F,A1A,561.0,Occupied,F,789.0,2020-01-01,2020-12-31,,,,,,,,,,,,,,,,,0.0,0.0,0.0,0.0,765.0,,,,,,,,,,,,,,,,,,,,,,,,,,,,,,,,,,,,,,,,,,,,,,,,,,,,,,
2344D,2344D,A1,736.0,Occupied,,1103.0,2019-04-01,2020-03-31,1103.0,,,,,,,,,,,125.0,,,,,,,,,,,,,,,,,,,,,,,,,,,,,,,,,,,,,,,,,,,,,,,,,,,,,,,,,,,,,,,
2344,2344,A1,736.0,Occupied,,1093.0,2019-01-11,2020-02-10,,,,,,,,,,,,,,,,,,,,,,,,,,,,,,,,,,,,,,,,,,,,,,,,,,,,,,,,,,,,,,,,,,,,,,,,,,,
2344,2344,A1,522.0,Occupied,,755.0,2019-04-06,2020-04-30,694.0,,,,,,,,,,30.0,,,,,,,,,,,,,,,,,,,,,,,,,,,,,,,,,,,,,,,,,,,,,,,,,,,,,,,,,,,,,,,,
11430A,11430A,A2,867.0,Occupied,,1180.0,2019-01-18,2020-03-17,,,0.0,,,,,,,,,,,,,1180.0,10.0,,,,,,,,,,,,,,,,,,,,,,,,,,,,,,,,,,,,,,,,,,,,,,,,,,,,,,,,,,
1210,1210,A2,867.0,Occupied,,1125.0,2018-12-01,2019-10-31,1125.0,,,,,,,,,,,,,,,,,,,,,,,,,,,,,,,,,,,,,,,,,,,,,,,,,,,,,,,,,,,,,,,,,,,,,,,,,,
1210,1210,A2,867.0,Occupied,,1220.0,2019-02-01,2020-02-29,1220.0,,,,,,,,,,,,,,,,,,,,,,,,,,,,,,,,,,,,,,,,,,,,,,,,,,,,,,,,,,,,,,,,,,,,,,,,,,
1210,1210,A2,867.0,Vacant,,1180.0,,,,,,,,,,,,,,,,,,,,,,,,,,,,,,,,,,,,,,,,,,,,,,,,,,,,,,,,,,,,,,,,,,,,,,,,,,,,,
1210,1210,A2,867.0,Occupied,,1190.0,2019-02-14,2020-03-31,1225.0,,,25.0,,,,,,,,,,,,,,,,,,,,,,,,,,,,,,,,,,,,,,,,,,,,,,,,,,,,,,,,,,,,,,,,,,,,,,,
227,227,60201c3,886.0,Occupied,,880.0,2018-09-14,2019-09-30,,,807.0,,,,,,,,,,,,,,,,,,,,,,,,,,,,,,,,,,,,,,,,,,,,,,,,,,,,,,,,,,,,,,,,,,,,,,,,
1241B,1241B,A2,867.0,Occupied,F,1185.0,2019-07-29,2020-07-30,1185.0,-1185.0,,,,,,,,,,,,,,,,,,,,,,,,,,,,,,,,,,,,,,,,,,,,,,,,,,,,,,,,,,,,,,,,,,,,,,,,,
14370B,14370B,A2,867.0,Occupied,,1100.0,2019-05-22,2020-06-21,1100.0,,,,,,,,,,,,,,,,,,,,,,,,,,,,,,,,,,,,,,,,,,,,,,,,,,,,,,,,,,,,,,,,,,,,,,,,,,
13570W,13570W,A1A,736.0,Occupied,,1100.0,2019-04-06,2020-05-05,1098.0,,,,35.0,,,,,,,,,,,,,,,,,,,,,,,,,,,,,,,,,,,,,,,,,,,,,,,,,,,,,,,,,,,,,,,,,,,,,,
13570A,13570A,B1,1176.0,Occupied,F,1425.0,2021-04-30,2022-06-29,1356.0,,,,,,,,,,,,,,,,,,,,,,,,,,,,,,,,,,,,,,,,,,,,,,,,,,,,,,,,,,,,,,,,,,,,,,,,,,
13570B,13570B,A2,1066.0,Occupied,,1093.0,2018-10-12,2019-12-11,1083.0,,,,,,,,,,,,,,,,,,,,,,,,,,,,,,,,,,,,,,,,,,,,,,,,,,,,,,,,,,,,,,,,,,,,,,,,,,
1235A,1235A,A2,867.0,Occupied,,910.0,2019-01-10,2019-07-31,836.0,,,15.0,,,,,,,,,,,,,,,,,,,,,,,,,,,,,,,,,,,,,,,,,,,,,,,,,,,,,,,,,,,,,,,,,,,,,,,
1235A,1235A,A1,736.0,Occupied,,1103.0,2019-02-26,2020-03-31,1093.0,,,,35.0,,,,,,,,,,,,,,,,,,,,,,,,,,,,,,,,,,,,,,,,,,,,,,,,,,,,,,,,,,,,,,,,,,,,,,
1236B,1236B,A2,867.0,Occupied,,1190.0,2019-06-01,2020-06-30,1190.0,,,,,,,,,,,,,,,,,,,,,,,,,,,,,,,,,,,,,,,,,,,,,,,,,,,,,,,,,,,,,,,,,,,,,,,,,,
1236B,1236B,A1,736.0,Occupied,,1093.0,2019-02-08,2020-03-31,,,,,,,,Occupied,,,,,,,,,,,,,,,,,,,,,,,,,,,,,,,,,,,,,,,,,,,,,,,,,,,,,,,,,,,,,,,,,,,
1236B,1236B,A1,834.0,Occupied,,1096.0,2019-02-27,2020-04-26,1086.0,-0.01,,,,,,,,,,,,,,,,,,,,,,,,,,,,,,,,,,,,,,,,,,,,,,,,,,,,,,,,,,,,,,,,,,,,,,,,,
1236B,1236B,A2,867.0,Occupied,,949.0,2019-06-28,2020-08-27,949.0,,,,,,,,,,,,,,,,,,,,,,,,,,,,,,,,,,,,,,,,,,,,,,,,,,,,,,,,,,,,,,,,,,,,,,,,,,
1236A,1236A,A2,867.0,Occupied,,1180.0,2019-06-01,2020-05-31,1180.0,,,,,,,,,,,,,,,,,,,,,,,,,,,,,,,,,,,,,,,,,,,,,,,,,,,,,,,,,,,,,,,,,,,,,,,,,,
1236,1236,A2,867.0,Occupied-NTV,,880.0,2018-10-01,2019-09-30,849.0,,,,,,,,,100.0,,,,,,,,,,,,,,,,,,,,,,,,,,,,,,,,,,,,,,,,,,,,,,,,,,,,,,,,,,,,,,,,,
1236,1236,A2,867.0,Occupied,F,880.0,2024-10-15,2025-10-31,769.0,,,,,,,,,,,,,,,,,,,,,,,,,,,,,,,,,,,,,,,,,,,,,,,,,,,,,,,,,,,,,,,,,,,,,,,,,,
1236,1236,A2,867.0,Occupied,,1169.0,2019-02-08,2020-03-07,1179.0,,,,,,,,,,,,,,,,,,,,,,,,,,,,,,,,,,,,,,,,,,,,,,,,,,,,,,,,,,,,,,,,,,,,,,,,,,
228,228,60212c3,1227.0,Occupied,,1130.0,2019-07-16,2019-10-15,1130.0,,,,,,,,,,,,,,,,,,,,,,,,,,,,,,,,,,,,,,,,,,,,,,,,,,,,,,,,,,,,,,,,,,,,,,,,,,
1335,1335,A2,867.0,Occupied,,1175.0,2018-12-01,2019-12-31,1185.0,,,,,,,,,,,,,,,,,,,,,,,,,,,,,,,,,,,,,,,,,,,,,,,,,,,,,,,,,,,,,,,,,,,,,,,,,,
1335,1335,A2,925.0,Occupied,F,1009.0,2023-08-30,2024-09-29,1009.0,,,,,,,,,,30.0,,,,,,,,,,,,,,,,,,,,,,,,,,,,,,,,,,,,,,,,,,,,,,,,,,,,,,,,,,,,,,,,
1228,1228,A2,867.0,Occupied,,1200.0,2019-01-19,2020-03-31,1200.0,,,,,,,,,,,,,,,,,,,,,,,,,,,,,,,,,,,,,,,,,,,,,,,,,,,,,,,,,,,,,,,,,,,,,,,,,,
1228,1228,A2,862.0,Occupied,,1190.0,2019-04-25,2020-06-30,,,,,,,,,,,,,,,,,,,,,,,,,Occupied-NTV,,,,,,,,,,,,,,,,,,,,,,,,,,,,,,,,,,,,,,,,,,,,,,,,,,
1228,1228,A1,522.0,Occupied,,736.0,2018-09-01,2019-08-31,776.0,,,,,,,,,,,,,,,,,,,,,,,,,,,,,,,,,,,,,,,,,,,,,,,,,,,,,,,,,,,,,,,,,,,,,,,,,,
1228,1228,A1,522.0,Occupied,,635.0,2019-07-12,2020-07-31,635.0,,,,,,,,,,,,,,,,,,,,,,,,,,,,,,,,,,,,,,,,,,,,,,,,,,,,,,,,,,,,,,,,,,,,,,,,,,
1228,1228,A1,736.0,Occupied,,1093.0,2018-09-01,2019-08-31,1093.0,,,,,,,,,,,,,,,,,,,,,,,,,,,,,,,,,,,,,,,,,,,,,,,,,,,,,,,,,,,,,,,,,,,,,,,,,,
1212,1212,B1,1176.0,Occupied,,1450.0,2019-03-29,2020-05-31,1386.0,,,,,,,,,,,,,,,,,,,,,,,,,,,,,,,,,,,,,,,,,,,,,,,,,,,,,,,,,,,,,,,,,,,,,,,,,,
1212,1212,A2,867.0,Occupied,,1190.0,2018-10-31,2019-11-30,1190.0,,,,35.0,,,,,,,,,,,,,,,,,,,,,,,,,,,,,,,,,,,,,,,,,,,,,,,,,,,,,,,,,,,,,,,,,,,,,,
1212,1212,B1,1176.0,Occupied,,1450.0,2018-12-30,2019-12-31,1386.0,,,,,,,,,,,,,,,,,,,,,,,,,,,,,,,,,,,,,,,,,,,,,,,,,,,,,,,,,,,,,,,,,,,,,,,,,,
12210,12210,B1,1176.0,Occupied,,1450.0,2019-04-12,2020-06-11,1386.0,,,,,,,,,,,,,,,,,,,,,,,,,,,,,,,,,,,,,,,,,,,,,,,,,,,,,,,,,,,,,,,,,,,,,,,,,,
12210,12210,A2,867.0,Occupied,,1175.0,2019-04-01,2020-04-30,1259.0,,,,,,,,,,,,,,,,,,,,,,,,,,,,,,,,,,,,,,,,,,,,,,,,,,,,,,,,,,,,,,,,,,,,,,,,,,
12210,12210,A2,867.0,Occupied,,1180.0,2018-05-20,2019-06-19,1190.0,,,,,,,,,,,,,,,,,,,,,,,,,,,,,,,,,,,,,,,,,,,,,,,,,,,,,,,,,,,,,,,,,,,,,,,,,,
12210,12210,B2,1251.0,Occupied,,1515.0,2019-04-12,2020-05-11,1507.0,,,,,,,,,,,,,,,,,,,,,,,,,,,,,,,,,,,,,,,,,,,,,,,,,,,,,,,,,,,,,,,,,,,,,,,,,,
229,229,60212c1,1227.0,Vacant,,1280.0,,,,,,,,,,,,,,,,,,,,,,,,,,,,,,,,,,,,,,,,,,,,,,,,,,,,,,,,,,,,,,,,,,,,,,,,,,,,,
122,122,A1,736.0,Occupied,F,1103.0,2023-11-01,2024-10-31,1103.0,,,,,,,,,,30.0,,,,,,,,,,,,,,,,,,,,,,,,,,-1103.0,,,,,,,,,,,,,,,,,,,,,,,,,,,,,,,,,,,,,,
122,122,A2,867.0,Occupied,,1190.0,2022-09-24,2023-10-31,1190.0,,,,,,,,,,,,,,,,,,,,,,,,,,,,,,,,,,,,,,,,,,,,,,,,,,,,,,,,,,,,,,,,,,,,,,,,,,
122,122,A2,867.0,Occupied,F,1190.0,2023-12-15,2025-01-14,1190.0,,,,,,,,,,,,,,,,,,,,,,,,,,,,,,,,,,,,,,,,,,,,,,,,,,,,,,,,,,,,,,,,,,,,,,,,,,
122,122,A1,736.0,Occupied,,1078.0,2018-09-01,2019-08-31,1068.0,-1078.0,,,,,,,,,,,,,,,,,,,,,,,,,,,,,,,,,,,,,,,,,,,,,,,,,,,,,,,,,,,,,,,,,,,,,,,,,
122,122,A1,736.0,Occupied,,1101.0,2019-06-14,2020-06-30,1101.0,,,15.0,,,,,,,,,,,,,,,,,,,,,,,,,,,,,,,,,,,,,,,,,,,,,,,,,,,,,,,,,,,,,,,,,,,,,,,
122,122,A2,837.0,Occupied,,1089.0,2019-07-11,2020-07-31,1026.0,,,,,,,,,,,,,,,,,,,,,,,,,,,,,,,,,,,,,,,,,,,,,,,,,,,,,,,,,,,,,,,,,,,,,,,,,,
122,122,B1,854.0,Occupied,F,1165.0,2018-10-27,2019-11-26,1165.0,,,,,,,,,,,,,,,,,,,,,,,,,,,,,,,,,,,,,,,,,,,,,,,,,,,,,,,,,,,,,,,,,,,,,,,,,,
122E,122E,A2,867.0,Occupied,,1190.0,2019-03-14,2020-05-13,1190.0,,,,,,,,,,25.0,,,,,,,,,,,,,,,,,,,,,,,,,,,,,,,,,,,,,,,,,,,,,,,,,,,,,,,,,,,,,,,,
3575C,3575C,A1CF,706.0,Occupied,F,979.0,2018-08-26,2019-10-25,859.0,,,,,,,,,,,,,,,,,,,,,,,,,,,,,,,,,,,,,,,,,,,,,,,,,,,,,,,,,,,,,,,,,,,,,,,,,,
3575C,3575C,A1CF,706.0,Occupied,F,979.0,2019-10-26,2020-08-25,902.0,,,,,,,,,,,,,,,,,,,,,,,,,,,,,,,,,,,,,,,,,,,,,,,,,,,,,,,,,,,,,,,,,,,,,,,,,,
145,145,A2,867.0,Occupied,,1180.0,2019-04-19,2020-05-31,1.0,-796.0,,,,,,,,,,,,,,,,,,,,,,,,,,,,,,,,,,,,1180.0,,,,,,,,,,,,,,,,,,,,,,,,,,,,,,,,,,,,,
1259W,1259W,B1,1176.0,Occupied,F,1425.0,2019-05-10,2020-06-30,1361.0,,,,,,,,,,,,,,,,,,,,,,,,,,,,,,,,,,,,,,,,,,,,,,,,,,,,,,,,,,,,,,,,,,,,,,,,,,
2375,2375,A1,709.0,Occupied,F,1000.0,2019-08-30,2020-09-30,1000.0,,,,,,,,,,,,,,,,,,,,,,,,,,,,,,,,,,,,,,,,,,,,,,,,,,,,,,,,,,,,,,,,,,,,,,,,,,
3575G,3575G,A1CP,706.0,Occupied,,919.0,2019-03-22,2020-05-21,,,,,,,,,,,,,,,,,0.0,0.0,0.0,0.0,818.0,,,,,,,,,,,,,,,,,,,,,,,,,,,,,,,,,,,,,,,,,,,,,,,,,,,,,,
13575D,13575D,A1,736.0,Occupied,F,1093.0,2019-03-13,2020-04-12,1093.0,-1093.0,,,,,,,,,,,,,,,,,,,,,,,,,,,,,,,,,,,,,,,,,,,,,,,,,,,,,,,,,,,,,,,,,,,,,,,,,
13575D,13575D,A1,736.0,Occupied,F,1093.0,2021-04-30,2022-04-29,1093.0,,,,,,,,,,,,,,,,,,,,,,,,,,,,,,,,,,,,,,,,,,,,,,,,,,,,,,,,,,,,,,,,,,,,,,,,,,
230,230,60212c,1227.0,Occupied,,1130.0,2019-05-21,2020-06-30,1093.0,,,,,,,,,,,,,,,,,,,,,,,,,,,,,,,,,,,,,,,,,,,,,,,,,,,,,,,,,,,,,,,,,,,,,,,,,,
1234B,1234B,A1,522.0,Occupied,F,635.0,2023-09-27,2024-09-30,300.0,,,,,,336.0,,,,,,,,,,,,,,,,,,,,,,,,,,,,,,,,,,,,,,,,,,,,,,,,,,,,,,,,,,,,,,,,,,,,
1234B,1234B,A1,736.0,Occupied,,1103.0,2019-05-01,2020-04-30,1103.0,,,,,,,,,,,,,,,,,,,,,,,,,,,,,,,,,,,,,,,,,,,,,,,,,,,,,,,,,,,,,,,,,,,,,,,,,,
3576G,3576G,A1BF,643.0,Vacant-Leased,,999.0,,,,,,,,,,,,,,,,,,,,,,,,,,,,,,,,,,,,,,,,,,,,,,,,,,,,,,,,,,,,,,,,,,,,,,,,,,,,,
3576G,3576G,A1BF,643.0,Vacant-Leased,F,999.0,2019-10-28,2020-10-26,,,,,,,,,,,,,,,,,,,,,,,,,,,,,,,,,,,,,,,999.0,,,,,,,,,,,,,,,,,,,,,,,,,,,,,,,,,,,,
1234F,1234F,A2,867.0,Occupied,F,1086.0,2019-04-26,2020-05-31,1086.0,,,,,,,,,,,,,,,,,,,,,,,,,,,,,,,,,,,,,,,0.0,,,,,,,,,,,,,,,,,,,,,,,,,,,,,,,,,,,
1220,1220,3BR,,,,,,,,,,,,,,,,,,,,,,,,,,,,,,,,,,,,,,,,,,,,,,,,,,,,,,,,,,,,,,,,,,,,,,,,,,,,,,,,,
231,231,60208c3,867.0,Occupied,,880.0,2019-06-28,2020-06-28,809.0,,,,,,,,,,,,,,,,,,,,,,,,,,,,,,,,,,,,,,,,,,,,,,,,,,,,,,,,,,,,,,,,,,,,,,,,,,
1367A,1367A,A2,886.0,Occupied,F,1093.0,2019-01-07,2020-01-31,1083.0,,,,,,,,,,,,,,,,,,,,,,,,,,,,,,,,,,,,,,,,,,,,,,,,,,,,,,,,,,,,,,,,,,,,,,,,,,
1243,1243,A1,736.0,Occupied,,1078.0,2018-11-18,2019-12-17,1068.0,,,,,,,,,,,,,,,,,,,,,,,,,,,,,,,,,,,,,,,,,,,,,,,,,,,,,,,,,,,,,,,,,,,,,,,,,,
3577C,3577C,A1AP,561.0,Occupied,F,849.0,2018-09-10,2019-11-09,795.0,,,,,,,,,,,,,,,,,,,,,,,,,,,,,,,,,,,,,,,,,,,,,,,,,,,,,,,,,,,,,,,,,,,,,,,,,,
3577C,3577C,A1AP,561.0,Occupied,F,849.0,2019-11-10,2020-11-09,835.0,,,,,,,,,,,,,,,,,,,,,,,,,,,,,,,,,,,,,,,,,,,,,,,,,,,,,,,,,,,,,,,,,,,,,,,,,,
2377C,2377C,A1,522.0,Occupied,,735.0,2019-06-01,2020-05-31,735.0,,,15.0,,,,,,,,,,,,,,,,,,,,,,,,,,,,,,,,,,,,,,,,,,,,,,,,,,,,,,,,,,,,,,,,,,,,,,,
3577E,3577E,A1A,561.0,Vacant-Leased,,789.0,,,,,,,,,,,,,,,,,,,,,,,,,,,,,,,,,,,,,,,,,,,,,,,,,,,,,,,,,,,,,,,,,,,,,,,,,,,,,
3577E,3577E,A1A,561.0,Occupied,F,789.0,2019-11-15,2020-11-14,,,,,,,,,,,,,,,,,0.0,7.0,10.0,0.0,789.0,,,,,,,,,,,,,,,,,,,,,,,,,,,,,,,,,,,,,,,,,,,,,,,,,,,,,,
1377,1377,A1,736.0,Occupied,,1073.0,2019-05-16,2020-06-15,1063.0,,,,,,,,,,,125.0,,,,,,,,,,,,,,,,,,,,,,,,,,,,,,,,,,,,,,,,,,,,,,,,,,,,,,,,,,,,,,,
1233G,1233G,A2,867.0,Occupied,,1215.0,2018-12-08,2019-12-31,1226.0,,,,,,,,,,,,,,,,,,,,,,,,,,,,,,,,,,,,,,,,,,,,,,,,,,,,,,,,,,,,,,,,,,,,,,,,,,
1383,1383,A2,644.0,Occupied,,923.0,2018-12-19,2019-12-31,899.0,,,,,,,,,,,,,,,,,,,,,,,,,,,,,,,,,,,,,,,,,,,,,,,,,,,,,,,,,,,,,,,,,,,,,,,,,,
1333,1333,A2,647.0,Occupied,,970.0,2019-06-01,2020-06-30,1553.0,,,0.0,,,,,,,,,,,,,,,,,,,,,,,,,,,,,,,,,,,,,,,,,,,,,,,,,,,,,,,,,,,,,,,,,,,,,,,
1333,1333,B2,1156.0,Occupied,F,1425.0,2018-08-05,2019-10-04,1361.0,,,,,,,,,,,,,,,,,,,,,,,,,,,,,,,,,,,,,,,,,,,,,,,,,,,,,,,,,,,,,,,,,,,,,,,,,,
1333,1333,B2,1156.0,Occupied,F,1425.0,2018-08-05,2019-10-04,1361.0,,,,,,,,,,,,,,,,,,,,,,,,,,,,,,,,,,,,,,,,-1361.0,,,,,,,,,,,,,,,,,,,,,,,,,,,,,,,,,,
1333,1333,B2,1156.0,Occupied,F,1425.0,2018-08-05,2019-10-04,1361.0,,,,,,,,,,,,,,,,,,,,,,,,,,,,,,,-200.0,,,,,,,,,-1361.0,,,,,,,,,,,,,,,,,,,,,,,,,,,,,,,,,,
232,232,60212c2,1023.0,Occupied,,895.0,2017-05-01,2018-05-31,,,0.0,,,,,,,,,,,,,,,,,,,,,,,,,,,,,,2018-09-30,,,,,,,,,,,,,,,,,,,,,,,,,,,,,,,,,,,,,,,,,,
3577K,3577K,A1AF,561.0,Vacant-Leased,,919.0,,,,,,,,,,,,,,,,,,,,,,,,,,,,,,,,,,,,,,,,,,,,,,,,,,,,,,,,,,,,,,,,,,,,,,,,,,,,,
3577K,3577K,A1AF,561.0,Vacant-Leased,F,919.0,2019-10-29,2020-10-29,,,,,,,,,,,,,,,,919.0,10.0,7.0,,0.0,,,,,,,,,,,,,,,,,,,,,,,,,,,,,,,,,,,,,,,,,,,,,,,,,,,,,,,
1221,1221,A1,736.0,Occupied,,1103.0,2018-07-31,2019-08-30,1093.0,,,,35.0,,,,,,,,,,,,,,,,,,,,,,,,,,,,,,,,,,,,,,,,,,,,,,,,,,,,,,,,,,,,,,,,,,,,,,
1221,1221,A2,647.0,Occupied,F,970.0,2019-07-01,2020-06-30,989.0,,,,,,,,,,,,,,,,,,,,,,,,,,,,,,,,,,,,,,,,,,,,,,,,,,,,,,,,,,,,,,,,,,,,,,,,,,
1221,1221,A2,647.0,Occupied,,970.0,2018-10-12,2019-10-31,958.0,,,,,,,,,,,,,,,,,,,,,,,,,,,,,,,,,,,,,,,,,,,,,,,,,,,,,,,,,,,,,,,,,,,,,,,,,,
1221,1221,A1,736.0,Occupied,F,1093.0,2019-07-01,2019-12-31,1083.0,,,,,,,,,,,,,,,,,,,,,,,,,,,,,,,,,,,,,,,,,,,,,,,,,,,,,,,,,,,,,,,,,,,,,,,,,,
1221,1221,A2,647.0,Occupied,,970.0,2019-04-26,2020-06-30,900.0,,,,,,,,,,,,,,,,,,,,,,,,,,,,,,,,,,,,,,,,,,,,,,,,,,,,,,,,,,,,,,,,,,,,,,,,,,
1221,1221,A2,647.0,Occupied,,880.0,2018-09-05,2019-09-30,896.0,,,,,,,,,,,,,,,,,,,,,,,,,,,,,,,,,,,,,,,,,,,,,,,,,,,,,,,,,,,,,,,,,,,,,,,,,,
1233,1233,A1,736.0,Occupied,F,1093.0,2019-02-26,2020-02-29,1083.0,,,,,,,,,,,,,,,,,,,,,,,,,,,,,,,,,,,,,,,,,,,,,,,,,,,,,,,,,,,,,,,,,,,,,,,,,,
3577N,3577N,A1AP,561.0,Occupied,862,,2018-08-27,2020-10-26,,,,,,,,,,,,,,,,,,,,,,,,,,,,,,,,,,,,,,,,,,,,,,,,,,,,,,,,,,,,,,,,,,,,,,,,,,,
1225,1225,A2,647.0,Vacant,,929.0,,,,,,,,,,,,,,,,,,,,,,,,,,,,,,,,,,,,,,,,,,,,,,,,,,,,,,,,,,,,,,,,,,,,,,,,,,,,,
1225,1225,B1,1176.0,Occupied,,1450.0,2019-01-02,2020-02-29,1386.0,,,,,,,,,,,,,,,,,,,,,,,,,,,,,,,,,,,,,,,,,,,,,,,,,,,,,,,,,,,,,,,,,,,,,,,,,,
1225,1225,A2,647.0,Occupied,F,880.0,2021-06-18,2022-06-30,1518.0,-680.0,,,,,-738.0,,,,,,,,,,,,,,,,,,,,,,,,,,,,,,,,,,,,,,,,,,,,,,,,,,,,,,,,,,,,,,,,,,,,
3357P,3357P,A1AF,561.0,Occupied,,919.0,2019-01-30,2019-07-29,868.0,,,15.0,,,,,,,,,,,,,,,,,,,,,,,,,,,,,,,,,,,,,,,,,,,,,,,,,,,,,,,,,,,,,,,,,,,,,,,
1231,1231,A2,783.0,Occupied,,970.0,2019-04-30,2020-04-30,663.0,,,,,,,,,,,,,,,,,,,,,,,,,,,,,,,,,,,,,,,,,,,,,,,,,,,,,,,,,,,,,,,,,,,,,,,,,,
1231,1231,A1,736.0,Occupied,,1103.0,2019-01-15,2020-03-31,1093.0,,,,,,,,,,35.0,125.0,,,,,,,,,,,,,,,,,,,,,,,,,,,,,,,,,,,,,,,,,,,,,,,,,,,,,,,,,,,,,,,
1231,1231,A2,867.0,Occupied,,1165.0,2018-09-08,2019-10-07,1165.0,,,,,,,,,,,,,,,,,,,,,,,,,,,,,,,,,,,,,,,,,,,,,,,,,,,,,,,,,,,,,,,,,,,,,,,,,,
1343,1343,A2,647.0,Occupied,,970.0,2018-12-19,2019-12-31,948.0,,,,,,,,,,,,,,,,,,,,,,,,,,,,,,,,,,,,,,,,,,,,,,,,,,,,,,,,,,,,,,,,,,,,,,,,,,
1004,1004,60212c,1304.0,Occupied,,1305.0,2018-09-28,2019-10-31,1271.0,,,,,,,,,,,,,,,,,,,,,,,,,,,,,,,,,,,,,,,,,,,,,,,,,,,,,,,,,,,,,,,,,,,,,,,,,,
319,319,60212b2,1304.0,Occupied,,1155.0,2019-06-15,2020-06-30,1155.0,,,,,,,,,,,,,,,,,,,,,,,,,,,,,,,,,,,,,,,,,,,,,,,,,,,,,,,,,,,,,,,,,,,,,,,,,,
319,319,A2,867.0,Occupied,,1190.0,2019-06-01,2020-06-30,1190.0,,,15.0,,,,,,,,,,,,,,,,,,,,,,,,,,,,,,,,,,,,,,,,,,,,,,,,,,,,,,,,,,,,,,,,,,,,,,,
319,319,A2,647.0,Occupied,,880.0,2019-07-03,2020-07-31,769.0,,,,,,,,,,,,,,,,,,,,,,,,,,,,,,,,,,,,,,,,,,,,,,,,,,,,,,,,,,,,,,,,,,,,,,,,,,
319,319,A2,647.0,Occupied,,660.0,2019-08-01,2019-12-31,660.0,,,,,,,,,,,,,,,,,,,,,,,,,,,,,,,,,,,,,,,,,,,,,,,,,,,,,,,,,,,,,,,,,,,,,,,,,,
319,319,A2,867.0,Occupied,,1200.0,2019-01-04,2020-01-31,1200.0,,,,,,,,,,,,,,,,,,,,,,,,,,,,,,,,,,,,,,,,,,,,,,,,,,,,,,,,,,,,,,,,,,,,,,,,,,
1229A,1229A,A2,867.0,Occupied,F,949.0,2018-09-21,2019-09-30,949.0,,,15.0,,,,,,,,,,,,,,,,,,,,,,,,,,,,,,,,,,,,,,,,,,,,,,,,,,,,,,,,,,,,,,,,,,,,,,,
1228B,1228B,A2,867.0,Occupied,,949.0,2019-04-09,2020-07-31,929.0,,,,,,,,,,,,,,,,,,,,,,,,,,,,,,,,,,,,,,,,,,,,,,,,,,,,,,,,,,,,,,,,,,,,,,,,,,
3578D,3578D,A2A,847.0,Occupied,F,949.0,2015-06-29,2019-10-28,806.0,,,,,,,,,,0.0,,,,,,,,,,,,,0.0,,,,,,,,,,,,,,,,,,0.0,,,,,,,,,,,,,,,,,,,,,,,,,,,,,,,,,
3578D,3578D,A2A,847.0,Occupied,F,949.0,2019-10-29,2020-10-28,841.0,,,,,,,,,,0.0,,,,,,,,,,,,,0.0,,,,,,,,,,,,,,,,,,0.0,,,,,,,,,,,,,,,,,,,,,,,,,,,,,,,,,
1222A,1222A,A2,867.0,Occupied,,949.0,2018-10-26,2019-12-31,938.0,,,,,,,,,,20.0,,,,,,,,,,,,,,,,,,,,,,,,,,,,,,,,,,,,,,,,,,,,,,,,,,,,,,,,,,,,,,,,
1222,1222,A2,647.0,Occupied,,930.0,2019-06-01,2020-05-31,895.0,,,,,,,,,,25.0,,,,,,,,,,,,,,,,,,,,,,,,,,,,,,,,,,,,,,,,,,,,,,,,,,,,,,,,,,,,,,,,
1222,1222,A2,647.0,Occupied,F,880.0,2023-09-01,2024-08-31,769.0,,,,,,,,,,15.0,,,,,,,,,,,,,,,,,,,,,,,,,,,,,,,,,,,,,,,,,,,,,,,,,,,,,,,,,,,,,,,,
1222,1222,A1,522.0,Occupied,,730.0,2019-06-14,2020-06-30,,,,,,,,,,,,,,,,,25.0,26.0,15.0,15.0,730.0,,,,,,,,,,,,,,,,,,,,,,,,,,,,,,,,,,,,,,,,,,,,,,,,,,,,,,
1222,1222,A2,867.0,Occupied,,1190.0,2019-06-09,2020-06-30,1190.0,,,,,,,,,,,,,,,,,,,,,,,,,,,,,,,,,,,,,,,,,,,,,,,,,,,,,,,,,,,,,,,,,,,,,,,,,,
1378G,1378G,A2,911.0,Occupied,,949.0,2019-04-18,2020-05-31,919.0,,,,,,,,,,,,,,,,,,,,,,,,,,,,,,,,,,,,,,,,,,,,,,,,,,,,,,,,,,,,,,,,,,,,,,,,,,
1331,1331,A2,854.0,Occupied,,1176.0,2019-03-09,2020-04-08,1221.0,-880.07,,,,,,,,,,,,,,,,,,,,,,,,,,,,,,,,,,,,,,,,,,,,,,,,,,,,,,,,,,,,,,,,,,,,,,,,,
320,320,60212c3,1227.0,Occupied,,1130.0,2018-04-30,2019-05-31,1088.0,,,,,,,,,,,,,,,,,,,,,,,,,,,,,,,,,,,,,,,,,,,,,,,,,,,,,,,,,,,,,,,,,,,,,,,,,,
1243C,1243C,A1,730.0,Occupied,,1078.0,2019-01-31,2020-02-29,1048.0,,,,,,,,,,30.0,,,,,,,,,,,,,,,,,,,,,,,,,,,,,,,,,,,,,,,,,,,,,,,,,,,,,,,,,,,,,,,,
1235C,1235C,A2,864.0,Occupied,,1175.0,2018-12-01,2019-10-31,1225.0,,,,,,,Occupied,,,,,,,,,,,,,,,,,,,,,,,,,,,,,,,,,,,,,,,,,,,,,,,,,,,,,,,,,,,,,,,,,,,
3579F,3579F,A1BF,643.0,Occupied,,999.0,2017-11-14,2020-02-13,,,,,,,,,,,,,,,,,0.0,0.0,0.0,0.0,855.0,,,,,,,,,0.0,,,,,0.0,,,,,,,,,,,,,,,,,,,,,,,,,,,,,,,,,,,,,,,,
1323,1323,A1,522.0,Occupied,,635.0,2019-04-01,2020-03-31,589.0,,,,,,,,,,,,,,,,,,,,,,,,,,,,,,,,,,,,,,,,,,,,,,,,,,,,,,,,,,,,,,,,,,,,,,,,,,
1435,1435,A2,867.0,Occupied,,880.0,2019-03-08,2020-04-30,859.0,,,,,,,,,,30.0,,,,,,,,,,,,,,,,,,,,,,,,,,,,,,,,,,,,,,,,,,,,,,,,,,,,,,,,,,,,,,,,
1424,1424,A2,867.0,Occupied,,1200.0,2018-09-21,2019-10-20,1200.0,,,,,,,,,,,,,,,,,,,,,,,,,,,,,,,,,,,,,,,,,,,,,,,,,,,,,,,,,,,,,,,,,,,,,,,,,,
321,321,60212c2,1227.0,Occupied,,1130.0,2018-02-14,2019-02-13,1280.0,150.44,,,,,,,,,,,,,,,,,,,,,,,,,,,,,,,,,,,,,,,,,,,,,,,,,,,,,,,,,,,,,,,,,,,,,,,,,
3180B,3180B,A2,867.0,Occupied,F,883.0,2019-06-30,2020-06-30,885.0,,,20.0,,,,,,,,,,,,,,,,,,,,,,,,,,,,,,,,,,,,,,,,,,,,,,,,,,,,,,,,,,,,,,,,,,,,,,,
3180B,3180B,A2,867.0,Occupied,,1190.0,2019-07-20,2020-08-19,1190.0,,,,,,,,,,,,,,,,,,,,,,,,,,,Occupied,,,,,,,,,,,,,,,,,,,,,,,,,,,,,,,,,,,,,,,,,,,,,,,
1380W,1380W,B2,1256.0,Occupied,,1566.0,2019-03-01,2020-03-31,1496.0,,,,35.0,,,,,,,,,,,,,,,,,,,,,,,,,,,,,,,,,,,,,,,,,,,,,,,,,,,,,,,,,,,,,,,,,,,,,,
1260,1260,A2,867.0,Occupied,F,1190.0,2023-09-30,2024-09-30,,,,,,,,,,,,,,,,,30.0,,,,,,,,,,,,,,,,,,,,,,,,,,,,,,,,,,,,,,,,,,,,,,,,,,,,,,,,,,
1440A,1440A,A2,867.0,Occupied,,1190.0,2019-04-01,2020-03-31,1190.0,,,,,,,,,,,,,,,,,,,,,,,,,,,,,,,,,,,,,,,,,,,,,,,,,,,,,,,,,,,,,,,,,,,,,,,,,,
3580H,3580H,B2AF,1042.0,Vacant-Leased,,1299.0,,,,,,,,,,,,,,,,,,,,,,,,,,,,,,,,,,,,,,,,,,,,,,,,,,,,,,,,,,,,,,,,,,,,,,,,,,,,,
3580H,3580H,B2AF,1042.0,Pending resident,F,1299.0,2019-10-29,2020-10-17,,,,,,,,,,,,,,,,1299.0,10.0,7.0,0.0,0.0,,,,,,,,,,,,,,,,,,,,,,,,,,,,,,,,,,,,,,,,,,,,,,,,,,,,,,,
121,121,A1,522.0,Occupied-NTV,,635.0,2018-12-01,2019-11-30,652.0,,,,,,,,,,15.0,,,,,,,,,,,,,,,,,,,,,,,,,,,,,,,,,,,,,,,,,,,,,,,,,,,,,,,,,,,,,,,,
121,121,A2,867.0,Occupied,,1200.0,2022-04-17,2023-05-31,1220.0,,,,,,,,,,,,,,,,,,,,,,,,,,,,,,,,,,,,,,,,,,,,,,,,,,,,,,,,,,,,,,,,,,,,,,,,,,
121,121,A1,736.0,Occupied,,1093.0,2019-06-01,2020-06-30,1093.0,,,,,,,,,,20.0,,,,,,,,,,,,,,,,,,,,,,,,,,,,,,,,174.67,,,,,,,,,,,,,,,,,,,,,,,,,,,,,,,,
121,121,A1,522.0,Occupied,,635.0,2019-04-26,2020-04-30,589.0,,,,,,,,,,,,,,,,,,,,,,,,,,,,,,,,,,,,,,,,,,,,,,,,,,,,,,,,,,,,,,,,,,,,,,,,,,
121,121,A2,867.0,Occupied,,1190.0,2019-01-04,2020-03-31,1190.0,,,,,,,,,,,,,,,,,,,,,,,,,,,,,,,,,,,,,,,,,,,,,,,,,,,,,,,,,,,,,,,,,,,,,,,,,,
121,121,A2,867.0,Occupied,,1190.0,2018-12-26,2020-02-29,,,,,,,,,,,,,,,,,,,,,,,,,,,,,,,,,,,,,,,,,,,,1190.0,,,,,,,,,,,,,,,,,,,,,,,,,,,,,,,
14357,14357,A1,522.0,Occupied,F,735.0,2024-08-01,2025-07-31,735.0,,,,,,,,,,30.0,,,,,,,,,,,,,,,,,,,,,,,,,,,,,,,,,,,,,,,,,,,,,,,,,,,,,,,,,,,,,,,,
1245A,1245A,A1,863.0,Occupied,,919.0,2019-02-01,2020-03-31,919.0,,,,,,,,,,,,,,,,,,,,,,,,,,,,,,,,,,,,,,,,,,,,,,,,,,,,,,,,,,,,,,,,,,,,,,,,,,
322,322,60212,1304.0,VACANT,F,1305.0,2023-06-01,2024-05-31,1237.0,,,,,,,,,,,,,,,,,,,,,,,,,,,,,,,,,,,,,,,,,,,,,,,,,,,,,,,,,,,,,,,,,,,,,,,,,,
1245W,1245W,A1,736.0,Occupied,,1103.0,2018-10-15,2019-11-14,1093.0,,,,,,,,,,,,,,,,,,,,,,,,,,,,,,,,,,,,,,,,,,,,,,,,,,,,,,,,,,,,,,,,,,,,,,,,,,
1445,1445,A2,867.0,Occupied,,1190.0,2019-06-05,2020-06-30,1190.0,,,,35.0,,,,,,,,,,,,,,,,,,,,,,,,,,,,,,,,,,,,,,,,,,,,,,,,,,,,,,,,,,,,,,,,,,,,,,
2235F,2235F,A2,867.0,Occupied,F,1255.0,2023-10-31,2024-11-30,1255.0,,,,,,,,,,,,,,,,,,,,,,,,,,,,,,,,,,,,,,,,,,,,,,,,,,,,,,,,,,,,,,,,,,,,,,,,,,
2242A,2242A,A2,867.0,Occupied-NTV,,1175.0,2019-01-13,2020-02-29,,,,,,,,,,,,,,,,,,,,,,,,,,,,,,,,,,,,,,,,,,,,,,,,,,,,,,,,,,,,,,,,,,,,,,,,,,,
3582B,3582B,B2AF,1042.0,Occupied,F,1299.0,2018-06-24,2019-12-23,1027.0,,,,,,,,,,,,,,,,0.0,0.0,0.0,0.0,,,,,,,,,,,,,,,,,,,,,,,,,,,,,,,,,,,,,,,,,,,,,,,,,,,,,,,
3582B,3582B,B2AF,1042.0,Occupied,F,1299.0,2019-12-24,2020-12-23,1078.0,,,,,,,,,,,,,,,,0.0,0.0,0.0,0.0,,,,,,,,,,,,,,,,,,,,,,,,,,,,,,,,,,,,,,,,,,,,,,,,,,,,,,,
3246B,3246B,A2,647.0,Occupied,,975.0,2019-05-30,2020-06-29,946.0,,,,,,,,,,,,,,,,,,,,,,,,,,,,,,,,,,,,,,,,,,,,,,,,,,,,,,,,,,,,,,,,,,,,,,,,,,
2242,2242,A1,736.0,Occupied,,1078.0,2019-06-01,2020-05-31,1078.0,,,,,,,,,,,,,,,,,,,,,,,,,,,,,,,,,,,,,,,,,,,,,,,,,,,,,,,,,,,,,,,,,,,,,,,,,,
3582F,3582F,B2A,1042.0,Occupied,F,1099.0,2011-07-29,2019-11-28,872.0,,,,,,,,,,,,,,,,,0.0,0.0,,,,,,,,,,,,,,,,,,,,,,,,,,,,,,,,,,,,,,,,,,,,,,,,,,,,,,,,
3582F,3582F,B2A,1042.0,Occupied,F,1099.0,2019-11-29,2020-11-28,916.0,,,,,,,,,,,,,,,,,7.0,0.0,,,,,,,,,,,,,,,,,,,,,,,,,,,,,,,,,,,,,,,,,,,,,,,,,,,,,,,,
323,323,60212c,1304.0,Occupied,,1155.0,2019-06-28,2020-06-30,1155.0,,,,,,,,,,,,,,,,,,,,,,,,,,,,,,,,,,,,,,,,,,,,,,,,,,,,,,,,,,,,,,,,,,,,,,,,,,
14382,14382,C2,1256.0,,,1540.0,2017-09-01,2018-11-30,,,,,,,,,,,,,,,,,,,,,,,,,,,,,,,,,,,,,,,,,,,,,,,,,,,,,,,,,,,,,,,,,,,,,,,,,,,
14382,14382,C2,1256.0,Occupied,,1540.0,,,,,,,,,,,,,,,,,,,,,,,,,,,,,,,,,,,,,,,,,,,,,,,,,,,,,,,,,,,,,,,,,,,,,,,,,,,,,
1437,1437,A2,867.0,Occupied,,1200.0,2019-07-01,2020-06-30,1200.0,,,,,,,,,,,,,,,,,,,,,,,,,,,,,,,,,,,,,,,,,,,,,,,,,,,,,,,,,,,,,,,,,,,,,,,,,,
1447B,1447B,A2,867.0,Occupied,,1180.0,2019-06-03,2020-06-30,,,,,,,,,,,,,,,,,,,,,,,,,,,,,,,,,,,,,,,,,,,,,1180.0,,,,,,,,,,,,,,,,,,,,,,,,,,,,,,
1237B,1237B,A2,867.0,Occupied,,1165.0,2019-06-01,2020-06-30,1175.0,-1175.0,,,,,,,,,,,,,,,,,,,,,,,,,,,,,,,,,,,,,,,,,,,,,,,,,,,,,,,,,,,,,,,,,,,,,,,,,
141,141,A2,867.0,Occupied,,1190.0,2019-07-01,2020-07-31,1190.0,,,,,,,,,,,,,,,,,,,,,,,,,,,,,,,,,,,,,,,,,,,,,60.0,,,,,,,,,,,,,,,,,,,,,,,,,,,,,
1239,1239,A2,867.0,Occupied,,1165.0,2018-10-01,2019-09-30,1180.0,,,,,,,,,,,,,,,,,,,,,,,,,,,,,,,,,,,,,,,,,,,,,,,,,,,,,,,,,,,,,,,,,,,,,,,,,,
1583F,1583F,A2,867.0,Occupied,,1190.0,2019-06-09,2020-06-30,1190.0,,,,,70.0,,,,,,,,,,,,,,,,,,,,,,,,,,,,,,,,,,,,,,,,,,,,,,,,,,,,,,,,,,,,,,,,,,,,,
1583B,1583B,A2,583.0,Occupied,F,949.0,2018-09-01,2019-08-31,949.0,,,,,,,,,,,,,,,,,,,,,,,,,,,,,,,,,,,,,,,,,,,,,,,,,,,,,,,,,,,,,,,,,,,,,,,,,,
324,324,60212c,1227.0,Occupied,,1280.0,2018-07-01,2019-07-31,1260.0,,,,,,,,,,,,,,,,,,,,,,,,,,,,,,,,,,,,,,,,,,,,,,,,,,,,,,,,,,,,,,,,,,,,,,,,,,
14368,14368,B2,949.0,Occupied,F,1050.0,2019-04-01,2020-03-31,1039.0,-310.0,,,,,1401.0,,,,10.0,,,,,,,,,,,,,,,,,,,,,,,,,,,,,,,,,,,,,,,,,,,,,,,,,,,,,,,,,,,,,,,,
14368,14368,A2,867.0,Occupied,F,1155.0,2023-09-26,2024-10-31,166.38,,,,,,,,,,,,,,,,,,,,,,,,,,,,,,,-200.0,,,,,,,,,,,,,,,,,,,,,,,,,,,,,,,,,,,,,,,,,,,
13440C,13440C,A2,886.0,Occupied,F,1200.0,2019-07-08,2020-07-31,1200.0,-162.05,,,,,,,,,35.0,,,,,,,,,,,,,,,,,,,,,,,,,,,,,,,,,,,,,,,,,,,,,,,,,,,,,,,,,,,,,,,,
12288,12288,A2,867.0,Occupied,,1165.0,2019-01-11,2020-02-10,1175.0,-250.0,,15.0,,,,,,,,,,,,,,,,,,,,,,,,,,,,,,,,,,,,,,,,,,,,,,,,,,,,,,,,,,,,,,,,,,,,,,,
1456A,1456A,A1,522.0,Occupied,,635.0,2018-10-13,2019-12-31,1356.0,,,,,,-1000.0,,,,,,,,,,,,,,,,,,,,,,,,,,,,,,,,,,,,,,,,,,,,,,,,,,,,,,,,,,,,,,,,,,,,
14400,14400,A2,867.0,Occupied,,1180.0,2019-05-31,2020-06-30,1190.0,,,,,,,,,,,,,,,,,,,,,,,,,,,,,,,,,,,,,,,,,,,,,,,,,,,,,,,,,,,,,,,,,,,,,,,,,,
Beechwood,3584H,A1B,643.0,Occupied,F,899.0,2019-10-31,2020-10-30,,,,,,,,,,,,,,,,,,7.0,10.0,,,,,,,,,,,,,,,,,,,,,,,,,,,,899.0,,,,,,,,,,,,,,,,,,,,,,,,,,,,
12480I,12480I,A1,736.0,Occupied,,1103.0,2019-07-10,2020-08-09,,,,,,,,,,,,,,,,1093.0,15.0,,,15.0,,,,,,,,,,,,,,,,,,,,,,,,,,,,,,,,,,,,,,,,,,,,,,,,,,,,,,,
14384L,14384L,A1,522.0,Occupied-NTV,,635.0,2017-10-23,2018-11-22,,,,,,,,,,,,,,,,,,,,,,,,,,,,,,,,,,,,,,,,,,,,,,,,,,,,,,,,,,,,,,,,,,,,,,,,,,,
325,325,60212c3,1227.0,Occupied,,1130.0,2018-11-01,2019-11-30,,,0.0,,,,,,,,,,,,,,,,,,,,,,,,,,,,,,,,,,,,,,,,,,,,,,,,,,,,,,,,,,,,,,,,,,,,,,,,
1241,1241,A2,867.0,Occupied,F,1096.0,2018-11-01,2019-10-31,1086.0,,,,,,,,,,,,,,,,,,,,,,,,,,,,,,,,,,,,,,,,,,,,,,,,,,,,,,,,,,,,,,,,,,,,,,,,,,
1385B,1385B,A2,867.0,Occupied,,1175.0,2019-04-12,2020-05-11,,,,,,,,,,,,,,,,,,,,,,,,,,,,,,19.0,,,,,,,,,,,,,,,,,,,,,,,,,,,,,,,,,,,,,,,,,,,,,
12105,12105,A2,867.0,Occupied,,1130.0,2017-10-01,2018-10-31,1088.0,,,,,,,,,105.0,,,,,,,,,,,,,,,,,,,,,,,,,,,,,,,,,,,,,,,,,,,,,,,,,,,,,,,,,,,,,,,,,
12105,12105,A2,867.0,Occupied,,1180.0,2019-06-21,2020-07-21,1190.0,,,,,,,,,,,,,,,,,,,,,,,,,,,,,,,,,,,,,,,,,,,,,,,,,,,,,,,,,,,,,,,,,,,,,,,,,,
12105,12105,A2,867.0,Occupied,,1180.0,2019-03-25,2020-04-30,1180.0,,,,,,,Occupied,,,,,,,,,,,,,,,,,,,,,,,,-300.0,,,,,,,,,,,,,,,,,,,,,,,,,,,,,,,,,,,,,,,,,,,
12105,12105,B2,1251.0,Occupied,,1511.0,2019-01-01,2019-08-31,1470.0,,,,35.0,,,,,,,,,,,,,,,,,,,,,,,,,,,,,,,,,,,,,,,,,,,,,,,,,,,,,,,,,,,,,,,,,,,,,,
12105,12105,A2,647.0,Occupied,,980.0,2019-07-17,2020-07-31,956.0,,,,,,,,,,30.0,,,,,,,,,,,,,,,,,,,,,,,,,,,,,,,,,,,,,,,,,,,,,,,,,,,,,,,,,,,,,,,,
12105,12105,A2,647.0,Occupied,F,980.0,2020-08-31,2021-07-31,980.0,,,,,,,,,,30.0,,,,,,,,,,,,,,,,,,,,,,,,,,,,,,,,,,,,,,,,,,,,,,,,,,,,,,,,,,,,,,,,
12105,12105,B2,1251.0,Occupied,,1530.0,2019-05-03,2020-05-17,1440.0,,,,,,,,,,,,,,,,,,,,,,,,,,,,,,,,,,,,,,,,,,,,,,,,,,,,,,,,,,,,,,,,,,,,,,,,,,
14585W,14585W,A1,736.0,Occupied-NTV,,1103.0,2017-11-27,2018-12-26,1093.0,,,,35.0,,,,,,,,,,,,,,,,,,,,,,,,,,,,,,,,,,,,,,,,,,,1,,,,,,,,,,,,,,,,,,,,,,,,,,,
11929,11929,B1,736.0,Occupied,,1103.0,2019-02-15,2020-05-14,1093.0,,,,,,,,,,,,,,,,,,,,,,,,,,,,,,,,,,,,,,,,,,,,,,,,,,,,,,,,,,,,,,,,,,,,,,,,,,
3365G,3365G,A2,867.0,Occupied,,1175.0,2019-08-23,2020-09-30,1175.0,,,,,,,,,,,125.0,,,,,,,,,,,,,,,,,,,,,,,,,,,,,,,,,,,,,,,,,,,,,,,,,,,,,,,,,,,,,,,
12205,12205,A2,867.0,Occupied,F,1180.0,2023-07-21,2024-08-20,1180.0,,,,,,,,,,25.0,,,,,,,,,,,,,,,,,,,,,,,,,,,,,,,,,,,,,,,,,,,,,,,,,,,,,,,,,,,,,,,,
12205,12205,A2,647.0,Occupied,,910.0,2019-02-22,2020-02-29,836.0,,,,,,,,,,,,,,,,,,,,,,,,,,,,,,,,,,,,,,,,,,,,,,,,,,,,,,,,,,,,,,,,,,,,,,,,,,
12205,12205,B2,1251.0,Occupied,,1530.0,2019-07-06,2020-08-05,1488.0,,,,,,,,,,,,,,,,,,,,,,,,,,,,,,,,,,,,,,,,,,,,,,,,,,,,,,,,,,,,,,,,,,,,,,,,,,
12135,12135,B1,754.0,Occupied,,1121.0,2019-06-30,2020-07-30,1121.0,-1121.0,,,,,,,,,,,,,,,,,,,,,,,,,,,,,,,,,,,,,,,,,,,,,,,,,,,,,,,,,,,,,,,,,,,,,,,,,
326,326,60212c3,1304.0,Occupied-NTV,,1155.0,2019-04-01,2019-09-30,1155.0,,,,,,,,,,,,,,,,,,,,,,,,,,,,,,,,,,,,,,,,,,,,,,,,,,,,,,,,,,,,,,,,,,,,,,,,,,
3585K,3585K,A1BR,643.0,Occupied,,1069.0,2019-10-24,2020-10-23,,,,,,,,,,,,,,,,,0.0,0.0,0.0,0.0,969.0,,,,,,,,,,,,,,,,,,,,,,,,,,,,,,,,,,,,,,,,,,,,,,,,,,,,,,
1385S,1385S,A2,867.0,Occupied,,1200.0,2019-02-01,2019-07-31,1200.0,,,,,,,,,,,,,,,,,,,,,,,,,,,Occupied,,,,,,,,,,,,,,,,,,,,,,,,,,,,,,,,,,,,,,,,,,,,,,,
1211,1211,A1,522.0,Occupied,,735.0,2019-05-01,2020-04-30,710.0,,,,,,,,,,,,,,,,,,,,,,,,,,,,,,,,,,,,,,,,,,,,,,,,,,,,,,,,,,,,,,,,,,,,,,,,,,
1211,1211,A1,522.0,Occupied,F,735.0,2018-12-13,2019-12-31,735.0,,,,,,,,,,,,,,,,,,,,,,,,,,,,,,,,,,,,,,,,,,,,,,,,,,,,,,,,,,,,,,,,,,,,,,,,,,
145F,145F,A1,522.0,Occupied,,635.0,2023-05-14,2024-07-31,635.0,,,,,,,,,,,,,,,,,,,,,,,,,,,,,,,,,,,,,,,,,,,,,,,,,,,,,,,,,,,,,,,,,,,,,,,,,,
13585N,13585N,A1,736.0,Occupied,,1088.0,2018-10-20,2019-12-19,1088.0,,,,,,,,,,,,,,,,,,,,,,,,,,,,,,,-200.0,,,,,,,,,,,,,,,,,,,,,,,,,,,,,,,,,,,,,,,,,,,
1421,1421,A1,522.0,Occupied,,635.0,2022-12-01,2023-11-30,651.0,,,,,,,,,,,,,,,,,,,,,,,,,,,,,,,,,,,,,,,,,,,,,,,,,,,,,,,,,,,,,,,,,,,,,,,,,,
327,327,60212c3,1227.0,Occupied,,1130.0,2018-08-01,2019-08-31,1130.0,,,,,,,,,,,,,,,,,,,,,,,,,,,,,,,,,,,,,,,,,,,,,,,,,,,,,,,,,,,,,,,,,,,,,,,,,,
1229,1229,A2,867.0,Occupied,,1190.0,2019-06-01,2020-05-31,1190.0,-238.83,,,,,,,,,20.0,,,,,,,,,,,,,,,,,,,,,,,,,,,,,,,,,,,,,,,,,,,,,,,,,,,,,,,,,,,,,,,,
1286,1286,A2,867.0,Occupied,,870.0,2018-09-01,2019-09-30,870.0,,,,,,,,,,,,,,,,,,,,,,,,,,,,,,,,,,,,,,,,,,,,,,,,,,,,,,,,,,,,,,,,,,,,,,,,,,
12112,12112,A2,867.0,Occupied,,1200.0,2018-06-01,2019-06-30,1190.0,,,,,,,,,,,,,,,,,,,,,,,,,,,,,,,,,,,,,,,,,,,,,,,,,,,,,,,,,,,,,,,,,,,,,,,,,,
122F,122F,A2,647.0,Occupied,,655.0,2019-04-01,2019-09-30,757.0,,,,,,,,,,,,,,,,,,,,,,,,,,,,,,,,,,,,,,,,,,,,,,,,,,,,,,,,,,,,,,,,,,,,,,,,,,
1186E,1186E,A2,886.0,Occupied,,1195.0,2019-04-12,2020-05-11,,,,,,,,,,,,,,,,,,,,,,,,,,,,,,,,,,,,,,,,,,,,,,,,,,,,,,,,,,,,,,,,,,,,,,,,,,,
122A,122A,A2,867.0,Occupied,F,1190.0,2021-09-07,2022-09-30,1210.0,,,,35.0,,,,,,,,,,,,,,,,,,,,,,,,,,,,,,,,,,,,,,,,,,,,,,,,,,,,,,,,,,,,,,,,,,,,,,
1224B,1224B,A2,867.0,Occupied,,1180.0,2019-07-01,2020-06-30,,,,,,,,,,,,,,,,,,,,,,,,,,,,,,,,,,,,,,,,,,,,,,,,,1190.0,,,,,,,,,,,,,,,,,,,,,,,,,,
328,328,60212c3,1227.0,VIOLATION,,1280.0,2019-05-10,2020-08-31,1271.0,,,,,,,,,,,,,,,,,,,,,,,,,,,,,,,,,,,,,,,,,,,,,,,,,,,,,,,,,,,,,,,,,,,,,,,,,,
3290A,3290A,B1,1436.0,Occupied,,1515.0,2018-06-15,2019-07-14,1500.0,,,,,,,,,,,125.0,,,,,,,,,,,,,,,,,,,,,,,,,,,,,,,,,,,,,,,,,,,,,,,,,,,,,,,,,,,,,,,
1340B,1340B,A1,736.0,Occupied,F,1088.0,2023-06-01,2024-05-31,1068.0,,,,,,,,,,,,,,,,,,,,,,,,,,,,,,,,,,,,,,,,,,,,,,,,,,,,,,,,,,,,,,,,,,,,,,,,,,
3390A,3390A,B1,1176.0,Occupied,,1450.0,2019-05-10,2020-06-09,,,,,,,,,,,,,,,,,20.0,5.0,25.0,15.0,1386.0,,,,,,,,,,,,,,,,,,,,,,,,,,,,,,,,,,,,,,,,,,,,,,,,,,,,,,
1436,1436,A2,867.0,Occupied,,1220.0,2019-05-05,2020-06-04,1220.0,,,,35.0,,,,,,,,,,,,,,,,,,,,,,,,,,,,,,,,,,,,,,,,,,,,,,,,,,,,,,,,,,,,,,,,,,,,,,
3243,3243,A2,647.0,Occupied,,660.0,2019-05-01,2020-04-30,,,,,,,,,,,,,,,,,15.0,7.0,10.0,12.0,660.0,,,,,,,,,,,,,,,,,,,,,,,,,,,,,,,,,,,,,,,,,,,,,,,,,,,,,,
319C,319C,A2,647.0,Occupied,,660.0,2019-07-01,2020-06-30,,,745.0,,,,,,,,,,,,,,,,,,,,,,,,,,,,,,,,,,,,,,,,,,,,,,,,,,,,,,,,,,,,,,,,,,,,,,,,
3191B,3191B,A2,742.0,Occupied,,1078.0,2019-05-01,2020-04-30,1088.0,,,,,,,,,,,,,,,,,,,,,,,,,,,,,,,,,,,,,,,,,,,,,,,,,,,,,,,,,,,,,,,,,,,,,,,,,,
3173E,3173E,A2,867.0,Occupied,,1190.0,2019-04-21,2020-06-30,,,,,,,,,,,,,,,,1190.0,30.0,12.0,35.0,15.0,,,,,,,,,,,,,,,,,,,,,,,,,,,,,,,,,,,,,,,,,,,,,,,,,,,,,,,
1186,1186,A2,867.0,Vacant,,1200.0,,,,,,,,,,,,,,,,,,,,,,,,,,,,,,,,,,,,,,,,,,,,,,,,,,,,,,,,,,,,,,,,,,,,,,,,,,,,,
1186,1186,A2,867.0,Occupied,,900.0,2018-11-02,2019-11-30,975.0,,,,,,,,,,15.0,,,,,,,,,,,,,,,,,,,,,,,,,,,,,,,,,,,,,,,,,,,,,,,,,,,,,,,,,,,,,,,,
1005,1005,60212c4,1304.0,Occupied,,1155.0,2019-04-01,2020-03-31,1180.0,,,,,,,,,,,,,,,,,,,,,,,,,,,,,,,,,,,,,,,,,,,,,,,,,,,,,,,,,,,,,,,,,,,,,,,,,,
401,401,60212b1,969.0,Occupied,,1185.0,2018-10-30,2019-12-31,1185.0,-100.0,,,,,,,,,,,,,,,,,,,,,,,,,,,,,,,,,,,,,,,,,,,,,,,,,,,,,,,,,,,,,,,,,,,,,,,,,
3163E,3163E,A2,867.0,Occupied,,1200.0,2019-06-30,2020-06-30,,,,,,,,,,,,,,,,,,,,,,,,,,,,,,,,,,,,,,,,,,,,,,,,,,,,,,,,,,,,,,,,,,,,,,,,,,,
319H,319H,A2,867.0,Occupied,,885.0,2019-03-13,2020-03-31,,,,,,,,,,,,,,,,869.0,45.0,15.0,25.0,,,,,,,,,,,,,,,,,,,,,,,,,,,,,,,,,,,,,,,,,,,,,,,,,,,,,,,,
3192A,3192A,B1,867.0,Occupied,F,1200.0,2023-09-01,2024-08-31,1200.0,,,,,,,,,,,,,,,,,,,,,,,,,,,,,,,,,,,,,,,,,,,,,,,,,,,,,,,,,,,,,,,,,,,,,,,,,,
3176B,3176B,A1,736.0,Occupied,,1008.0,2023-05-06,2024-06-05,1008.0,,,,,,,,,,,,,,,,,,,,,,,,,,,,,,,,,,,,,,,,,,,,,,,,,,,,,,,,,,,,,,,,,,,,,,,,,,
3238,3238,A1,736.0,Occupied,,1103.0,2018-11-09,2019-12-08,1103.0,,,,,,,,,,,,,,,,,,,,,,,,,,,,,,,,,,,,,,,,,,,,,,,,,,,,,,,,,,,,,,,,,,,,,,,,,,
402,402,60212b1,1002.0,Occupied,,970.0,2018-09-01,2019-03-31,970.0,,,,,,,,,,,,,,,,,,,,,,,,,,,,,,,,,,,,,,,,,,,,,,,,,,,,,,,,,,,,,,,,,,,,,,,,,,
11936A,11936A,B2,1251.0,Occupied,F,1530.0,2021-07-15,2022-08-14,1488.0,,,,,,,,,,,,,,,,,,,,,,,,,,,,,,,,,,,,,,,,,,,,,,,,,,,,,,,,,,,,,,,,,,,,,,,,,,
119,119,A2,647.0,Occupied,,660.0,2018-09-07,2019-09-30,648.0,,,,,,,,,,,,,,,,,,,,,,,,,,,,,,,,,,,,,,,,,,,,,,,,,,,,,,,,,,,,,,,,,,,,,,,,,,
119,119,A1,522.0,Occupied,,635.0,2019-05-01,2020-03-31,610.0,-150.0,,,,,,,,,,,,,,,,,,,,,,,,,,,,,,,,,,,,,,,,,,,,,,,,,,,,,,,,,,,,,,,,,,,,,,,,,
119,119,A1,522.0,Occupied,,635.0,2019-04-01,2020-03-31,610.0,,,,,,,,,,,,,,,,,,,,,,,,,,,,,,,,,,,,,,,,,,,,,,,,,,,,,,,,,,,,,,,,,,,,,,,,,,
1219,1219,B2,1254.0,Occupied,F,1495.0,2023-12-16,2024-03-15,1495.0,,,,,,,,,,,,,,,,,,,,,,,,,,,,,,,,,,,,,,,,,,,,,,,,,,,,,,,,,,,,,,,,,,,,,,,,,,
1219,1219,B2,1254.0,Occupied,F,1495.0,2023-12-31,2024-06-30,1495.0,,,,,,,,,,,,,,,,,,,,,,,,,,,,,,,,,,,,,,,,,,,,,,,,,,,,,,,,,,,,,,,,,,,,,,,,,,
1219,1219,A2,867.0,Occupied,F,930.0,2019-02-26,2020-03-31,918.0,,,15.0,,,,,,,,,,,,,,,,,,,,,,,,,,,,,,,,,,,,,,,,,,,,,,,,,,,,,,,,,,,,,,,,,,,,,,,
3356B,3356B,A2,867.0,Occupied,F,1190.0,2019-03-31,2020-04-30,1190.0,,,,,,,,,,,,,,,,,,,,,,,,,,,,,,,,,,,,,,,,,,,,,,,,,,,,,,,,,,,,,,,,,,,,,,,,,,
3196B,3196B,A2,867.0,Occupied,,1190.0,2019-01-12,2020-02-11,1190.0,,,,,,,,,,30.0,,,,,,,,,,,,,,,,,,,,,,,,,,,,,,,,,,,,,,,,,,,,,,,,,,,,,,,,,,,,,,,,
3196B,3196B,A2,867.0,Occupied,,1200.0,2019-04-26,2020-05-25,,,,,,,,,,,,,,,,,,,,,,,,,,,,,,,,,,,,,,,,,,,,,,,,,,,,,,,,,,,,,,,,,,,,,,,,,,,
11944,11944,A2,867.0,Occupied,F,1185.0,2023-11-14,2024-12-1,,,,,,,,,,,,,,,,,15.0,,,14.0,,,,,,,,,,,,,,,,,,,,,,,,,,,,,,,,,,,,,,,,,,,,,,,,,,,,,,,
403,403,60212b1,1002.0,Occupied,,610.0,2018-08-15,2019-10-31,610.0,,,,,,,,,,,,,,,,,,,,,,,,,,,,,,,,,,,,,,,,,,,,,,,,,,,,,,,,,,,,,,,,,,,,,,,,,,
3378E,3378E,A2,867.0,Occupied,,1175.0,2019-03-01,2020-02-29,1211.0,,,,,,,Occupied,,,,,,,,,,,,,,,,,,,,,,,,,,,,,,,,,,,,,,,,,,,,,,,,,,,,,,,,,,,,,,,,,,,
317,317,A2,867.0,Occupied,,880.0,2019-07-03,2020-07-31,890.0,,,,,,,,,,,,,,,,,,,,,,,,,,,,,,,,,,,,,,,,,,,,,,,,,,,,,,,,,,,,,,,,,,,,,,,,,,
317,317,A2,867.0,Occupied,,1190.0,2019-06-14,2020-06-30,1190.0,,,,,35.0,,,,,15.0,,,,,,,,,,,,,,,,,,,,,,,,,,,,,,,,,,,,,,,,,,,,,,,,,,,,,,,,,,,,,,,,
3194B,3194B,A2,867.0,Occupied,,1175.0,2019-01-01,2020-02-29,1185.0,,,,,,,,,,,,,,,,,,,,,,,,,,,,,,,,,,,,,,,,,,,,,,,,,,,,,,,,,,,,,,,,,,,,,,,,,,
1214B,1214B,A2,867.0,Occupied,F,1025.0,2023-10-01,2025-09-30,1025.0,,,,,,,,,,15.0,,,,,,,,,,,,,,,,,,,,,,,,,,,,,,,,,,,,,,,,,,,,,,,,,,,,,,,,,,,,,,,,
404,404,60212b2,1081.0,Occupied,,1025.0,2018-05-08,2019-06-30,,,836.0,,,,,,,,,,,,,,,,,,,,,,,,,,,,,,,,,,,,,,,,,,,,,,,,,,,,,,,,,,,,,,,,,,,,,,,,
1195E,1195E,A2,1453.0,Occupied,F,1453.0,2019-08-01,2020-07-31,1453.0,,,,,,,,,,,,,,,,,,,,,,,,,,,,,,,,,,,,,,,,,,,,,,,,,,,,,,,,,,,,,,,,,,,,,,,,,,
1214,1214,A2,867.0,Occupied,,1200.0,2019-05-31,2020-06-30,1200.0,,,,,,,,,,,,,,,,,,,,,,,,,,,,,,,,,,,,,,,,,,,,,,,,,,,,,,,,,,,,,,,,,,,,,,,,,,
1214,1214,A2,867.0,Occupied,F,1200.0,2024-04-30,2025-05-30,1200.0,,,,,,,,,,,,,,,,,,,,,,,,,,,,,,,,,,,,,,,,,,,,,,,,,,,,,,,,,,,,,,,,,,,,,,,,,,
1228H,1228H,A2,867.0,Occupied,,885.0,2018-08-01,2019-07-31,809.0,,,,,,,,,,,,,,,,,,,,,,,,,,,,,,,,,,,,,,,,,,,,,,,,,,,,,,,,,,,,,,,,,,,,,,,,,,
405,405,60212b2,1081.0,Vacant,,1025.0,,,,,,,,,,,,,,,,,,,,,,,,,,,,,,,,,,,,,,,,,,,,,,,,,,,,,,,,,,,,,,,,,,,,,,,,,,,,,
3397B,3397B,C1,1176.0,Occupied,,1520.0,2019-01-12,2020-02-11,1478.0,,,,,,,,,,,,,,,,,,,,,,,,,,,,,,,,,,,,,,,,,,,,,,,,,,,,,,,,,,,,,,,,,,,,,,,,,,
3343T,3343T,A2,867.0,Occupied,,1200.0,2019-01-30,2020-02-29,1200.0,-1200.0,,,,,,,,,,,,,,,,,,,,,,,,,,,,,,,,,,,,,,,,,,,,,,,,,,,,,,,,,,,,,,,,,,,,,,,,,
1213,1213,A3,754.0,Occupied,,1093.0,2019-06-01,2020-05-31,1083.0,,,,35.0,,,,,,,,,,,,,,,,,,,,,,,,,,,,,,,,,,,,,,,,,,,,,,,,,,,,,,,,,,,,,,,,,,,,,,
12398,12398,B1,1176.0,Occupied,,1435.0,2018-09-30,2019-10-29,,,,,,,,,,,,,,,,,,,,,,,,,,,,,,,,,,,,,,,,,,,,,,,,,,"{'Allure': 0.3, 'Lawn Care': 25, 'Rent': 1371, 'Carport': 35}",,,,,,,,,,,,,,,,,,,,,,,,,
123A,123A,A1,1436.0,Occupied,,1355.0,2017-08-01,2018-09-30,1387.0,,,,,,,,,,,,,,,,,,,,,,,,,,,,,,,,,,,,,,,,,,,,,,,,,,,,,,,,,,,,,,,,,,,,,,,,,,
12398B,12398B,A1,736.0,Occupied,F,1103.0,2023-10-01,2024-09-30,1093.0,,,,,,,,,,,,,,,,,,,,,,,,,,,,,,,,,,,,,,,,,,,,,,,,,,,,,,,,,,,,,,,,,,,,,,,,,,
12298,12298,A1,736.0,Occupied,,1103.0,2018-11-17,2020-01-30,1103.0,,,,,,,,,,,,,,,,,,,,,,,,,,,,,,,,,,,,,,,,,,,,,,,,,,,,,,,,,,,,,,,,,,,,,,,,,,
406,406,60212b1,1002.0,Occupied,,990.0,2019-06-08,2020-06-30,,,,,,,,,,,,,,,,,,,,,,,,,,,,,,,,,,,,,,,,,,,,,,,,,,,,,,,,,,,,,,,,,,,,,,,,,,,
12138,12138,B1,1176.0,Occupied,,1450.0,2018-07-01,2019-06-30,1386.0,,,,,,,,,,,125.0,,,,,,,,,,,,,,,,,,,,,,,,,,,,,,,,,,,,,,,,,,,,,,,,,,,,,,,,,,,,,,,
1198K,1198K,A1,1426.0,Occupied,,1089.0,2019-01-12,2020-03-31,,,,,,,,,,,,,,,,,,,,,,,,,,,,,,,,,,,,,,,,,,,,,,,,,,,,,15.0,,,,,,,,,,,,,,,,,,,,,,
3599A,3599A,B2A,1042.0,Occupied,F,1099.0,2014-07-07,2019-11-12,,,0.0,,,,,,,,,,,,,,0.0,0.0,0.0,0.0,947.0,,,,,,,,,,,,,,,,,,,,,,,,,,,,,,,,,,,,,,,,,,,,,,,,,,,,,,
3599A,3599A,B2A,1042.0,Occupied,F,1099.0,2019-11-13,2020-11-12,,,0.0,,,,,,,,,,,,,,0.0,0.0,0.0,0.0,994.0,,,,,,,,,,,,,,,,,,,,,,,,,,,,,,,,,,,,,,,,,,,,,,,,,,,,,,
3599B,3599B,B2A,1042.0,Occupied,,1099.0,2014-08-01,2019-12-03,952.0,,,,,,,,,,,,,,,,,,,,,,,,,,,,,,,,,,,,,,,,,,,,,,,,,,,,,,,,,,,,,,,,,,,,,,,,,,
3599B,3599B,B2A,1042.0,Occupied,F,1099.0,2019-12-04,2020-12-03,1000.0,,,,,,,,,,,,,,,,,,,,,,,,,,,,,,,,,,,,,,,,,,,,,,,,,,,,,,,,,,,,,,,,,,,,,,,,,,
1209,1209,B2,1254.0,Occupied,F,1530.0,2023-06-24,2024-07-31,1485.0,,,,,,,,,,,,,,,,,,,,,,,,,,,,,,,,,,,,,,,,,,,,,,,,,,,,,,,,,,,,,,,,,,,,,,,,,,
407,407,60212b1,1002.0,Occupied,,980.0,2019-03-16,2020-04-30,,,,,,,,Occupied,,,,,,,,,,,,,,,,,,,,,,,,,,,,,,,,,,,,,,,,,,,,,,,,,,,,,,,,,,,,,,,,,,,
3199E,3199E,A2,867.0,Occupied,,1155.0,2019-01-30,2020-02-29,,,,,,,,,,,,,,,,,,,,,,,,,,,,,,,,,,,,,,,,,,,,,,,,,,,,,,,,,,,,,,,,,,,,,,,,,,,
1227G,1227G,A2,867.0,Occupied,,1190.0,2019-07-19,2020-08-18,1190.0,,,,,,,,,,,,,,,,,,,,,,,,,,,,,,,,,,,,,,,,,,,,,,,,,,,,,,,,,,,,,,,,,,,,,,,,,,
1233F,1233F,A2,867.0,Occupied,,1175.0,2019-05-17,2020-06-30,1175.0,,,,,,,,,,,,,,,,,,,,,,,,,,,,,,,,,,,,,,,,,,,,,,,,,,,,,,,,,,,,,,,,,,,,,,,,,,
12204,12204,A2,867.0,Occupied,,1180.0,2019-05-01,2020-04-30,1190.0,,,,,,,,,,,,,,,,,,,,,,,,,,,,,,,,,,,,,,,,,,,,,,,,,,,,,,,,,,,,,,,,,,,,,,,,,,
12204,12204,A2,867.0,Occupied,,1190.0,2019-04-26,2020-05-25,1190.0,,,,35.0,,,,,,,,,,,,,,,,,,,,,,,,,,,,,,,,,,,,,,,,,,,,,,,,,,,,,,,,,,,,,,,,,,,,,,
12204,12204,A2,867.0,Occupied,,1190.0,2019-04-01,2020-04-30,1190.0,-200.0,,,,,,,,,30.0,,,,,,,,,,,,,,,,,,,,,,,,,,,,,,,,,,,,,,,,,,,,,,,,,,,,,,,,,,,,,,,,
1223,1223,A3,754.0,Occupied,,1111.0,2019-04-26,2020-05-31,1111.0,,,,,,,,,,,,,,,,,,,,,,,,,,,,,,,,,,,,,,,,,,,,,,,,,,,,,,,,,,,,,,,,,,,,,,,,,,
12400B,12400B,A2,867.0,Occupied,,1180.0,2019-01-26,2020-02-25,1221.0,,,,,,,,,,,,,,,,,,,,,,,,,,,,,,,,,,,,,,,,,,,,,,,,,,,,,,,,,,,,,,,,,,,,,,,,,,
12400B,12400B,A2,867.0,Occupied,,885.0,2019-01-23,2019-08-22,875.0,,,,,,,,,,,,,,,,,,,,,,,,,,,,,,,,,,,,,,,,,,,,,,,,,,,,,,,,,,,,,,,,,,,,,,,,,,
408,408,60212b2,1081.0,Occupied,,1025.0,2018-09-01,2019-09-30,,,0.0,,,,,,,,,,,,,,,,,,,,,,,,,,,,,,,,,,,,,,,,,,,,,,,,,,,,,,,,,,,,,,,,,,,,,,,,
12104,12104,A2,867.0,Occupied,,1165.0,2019-05-17,2020-06-30,1165.0,,,15.0,,,,,,,,,,,,,,,,,,,,,,,,,,,,,,,,,,,,,,,,,,,,,,,,,,,,,,,,,,,,,,,,,,,,,,,
12104,12104,B2,1251.0,Occupied,,1530.0,2018-06-30,2019-07-29,1488.0,,,,,,,,,,,,,,,,,,,,,,,,,,,,,,,,,,,,,,,,,,,,,,,,,,,,,,,,,,,,,,,,,,,,,,,,,,
12104,12104,A2,867.0,Occupied,,1200.0,2018-10-21,2019-11-20,1200.0,,,,,,,,,,,,,,,,,,,,,,,,,,,,,,,,,,,,,,,,,,,,,,,,,,,,,,,,,,,,,,,,,,,,,,,,,,
12104,12104,A2,867.0,Occupied,,1190.0,2019-01-29,2020-02-28,1190.0,,,,,,,,,,,,,,,,,,,,,,,,,,,,,,,,,,,,,,,,,,,,,,,,,,,,,,,,,,,,,,,,,,,,,,,,,,
12104,12104,A2,867.0,Occupied,,1190.0,2018-09-01,2019-08-31,1228.0,,,,,,,,,,,,,,,,,,,,,,,,,,,,,,,,,,,,,,,,,,,,,,,,,,,,,,,,,,,,,,,,,,,,,,,,,,
12400C,12400C,A2,867.0,Occupied,,1180.0,2019-06-01,2020-06-30,1180.0,,,,,,,,,,,,,,,,,,,,,,,,,,,,,,,,,,,,,,,,,,,,,,,,,,,,,,,,,,,,,,,,,,,,,,,,,,
12105D,12105D,B2,1253.0,Occupied,,1530.0,2019-03-22,2020-04-21,1488.0,,,,,,,,,,,,,,,,,,,,,,,,,,,,,,,,,,,,,,,,,,,,,,,,,,,,,,,,,,,,,,,,,,,,,,,,,,
12105W,12105W,A2,867.0,Occupied,,1095.0,2019-06-14,2020-06-30,1095.0,,,,,,,,,,,,,,,,,,,,,,,,,,,,,,,,,,,,,,,,,,,,,,,,,,,,,,,,,,,,,,,,,,,,,,,,,,
409,409,60212b1,1002.0,Occupied,,990.0,2019-07-26,2020-07-31,1090.0,,1111.0,,,,,,,,,,,,,,,,,,,,,,,,,,,,,,,,,,,,,,,,,,,,,,,,,,,,,,,,,,,,,,,,,,,,,,,,
12205E,12205E,A2,867.0,Occupied,,1155.0,2019-01-01,2019-06-30,1128.0,,,,,,,,,,,,,,,,,,,,,,,,,,,,,,,,,,,,,,,,,,,,,,,,,,,,,,,,,,,,,,,,,,,,,,,,,,
12206B,12206B,A2,867.0,Occupied,F,1165.0,2018-10-27,2020-10-31,1180.0,,,,,,,,,,,,,,,,,,,,,,,,,,,,,,,,,,,,,,,,,,,,,,,,,,,,,,,,,,,,,,,,,,,,,,,,,,
12206B,12206B,A2,647.0,Occupied,,930.0,2019-06-19,2020-06-30,920.0,,,,,,,,,,15.0,,,,,,,,,,,,,,,,,,,,,,,,,,,,,,,,,,,,,,,,,,,,,,,,,,,,,,,,,,,,,,,,
12106,12106,A2,867.0,Occupied,,950.0,2018-05-10,2019-05-31,873.0,,,,,,,,,,30.0,,,,,,,,,,,,,,,,,,,,,,,,,,,,,,,,,,,,,,,,,,,,,,,,,,,,,,,,,,,,,,,,
12106,12106,B2,1259.0,Occupied,F,1520.0,2022-10-31,2023-11-30,1508.0,,,,,,,,,,25.0,,,,,,,,,,,,,,,,,,,,,,,,,,,,,,,,,,,,,,,,,,,,,,,,,,,,,,,,,,,,,,,,
410,410,60212a2,871.0,Occupied,,817.0,2019-09-30,2020-09-30,790.0,,,,,,,Occupied,,,,,,,,,,,,,,,,,,,,,,,,,,,,,,,,,,,,,,,,,,,,,,,,,,,,,,,,,,,,,,,,,,,
12107,12107,A2,867.0,Occupied,,880.0,2019-01-18,2020-02-29,769.0,,,,,,,,,,,,,,,,,,,,,,,,,,,,,,,,,,,,,,,,,,,,,,,,,,,,,,,,,,,,,,,,,,,,,,,,,,
12107,12107,A2,647.0,Occupied,,930.0,2018-06-28,2019-07-27,930.0,,,,,,,,,,15.0,,,,,,,,,,,,,,,,,,,,,,,,,,,,,,,,,,,,,,,,,,,,,,,,,,,,,,,,,,,,,,,,
12107,12107,B2,1251.0,Occupied,,1515.0,2018-07-09,2019-08-08,1515.0,-1515.0,,,,,,,,,,,,,,,,,,,,,,,,,,,,,,,,,,,,,,,,,,,,,,,,,,,,,,,,,,,,,,,,,,,,,,,,,
12107,12107,B2,1251.0,Occupied,F,1515.0,2019-09-26,2020-10-31,1500.0,,,,,,,,,,,,,,,,,,,,,,,,,,,,,,,,,,,,,,,,,,,,,,,,,,,,,,,,,,,,,,,,,,,,,,,,,,
12107,12107,A2,867.0,Occupied,,1190.0,2019-07-01,2020-06-30,1190.0,,,,35.0,,,,,,,,,,,,,,,,,,,,,,,,,,,,,,,,,,,,,,,,,,,,,,,,,,,,,,,,,,,,,,,,,,,,,,
12107,12107,A2,867.0,Occupied,,1190.0,2018-09-01,2019-08-31,1200.0,,,,,,,,,,,,,,,,,,,,,,,,,,,,,,,,,,,,,,,,,,,,,,,,,,,,,,,,,,,,,,,,,,,,,,,,,,
12207,12207,A2,647.0,Occupied,,970.0,2019-02-22,2020-03-31,889.0,,,,,,,,,,,,,,,,,,,,,,,,,,,,,,,,,,,,,,,,,,,,,,,,,,,,,,,,,,,,,,,,,,,,,,,,,,
12207,12207,B2,1253.0,Occupied,,1515.0,2019-02-21,2020-03-20,1473.0,,,,,,,,,,,125.0,,,,,,,,,,,,,,,,,,,,,,,,,,,,,,,,,,,,,,,,,,,,,,,,,,,,,,,,,,,,,,,
12207,12207,B2,1251.0,Occupied,,1515.0,2019-03-08,2020-04-07,1473.0,,,,,,,,,,,,,,,,,,,,,,,,,,,,,,,,,,,,,,,,,,,,,,,,,,,,,,,,,,,,,,,,,,,,,,,,,,
1006,1006,60212c10,1153.0,VACANT,,1260.0,,,,,,,,,,,,,,,,,,,,,,,,,,,,,,,,,,,,,,,,,,,,,,,,,,,,,,,,,,,,,,,,,,,,,,,,,,,,,
507,507,60212b,1081.0,Occupied,,1175.0,2019-07-09,2020-07-31,,,,,,,,,,,,,,,,,,,,,,,,,,,,Occupied,,,,,,,,,,,,,,,,,,,,,,,,,,1175,2019-07-09,2020-07-31,Occupied,,1175,2019-07-09,2020-07-31,,,,,,,,,,,,,,
12108,12108,B2,1251.0,Occupied,,1509.0,2018-03-01,2019-03-31,,,1432.0,,,,,Occupied,,,,,,,,,,,,,,,,,,,,,,,,,,,,,,,,,,,,,,,,,,,,,,,,,,,,,,,,,,,,,,,,,,,
12108,12108,B2,1251.0,Occupied,F,1520.0,2019-01-12,2020-02-29,1479.0,,,,,,,,,,,,,,,,,,,,,,,,,,,,,,,,,,,,,,,,,,,,,,,,,,,,,,,,,,,,,,,,,,,,,,,,,,
12201,12201,A2,647.0,Occupied,,715.0,2018-07-29,2019-08-31,726.0,,,,,,,,,,,,,,,,,,,,,,,,,,,,,,,,,,,,,,,,,,,,,,,,,,,,,,,,,,,,,,,,,,,,,,,,,,
12104W,12104W,B2,1253.0,Occupied,,,2018-10-19,2019-11-30,,,,,,,,,,,,,,,,,,,,,,,,,,,,,,,,,,,,,,,,,,,,,,,,,,,,,,,,,,,,,,,,,,,,,,,,,,,
12208A,12208A,A2,647.0,Occupied,,930.0,2018-10-17,2019-12-16,915.0,,,,,,,,,,,,,,,,,,,,,,,,,,,,,,,,,,,,,,,,,,,,,,,,,,,,,,,,,,,,,,,,,,,,,,,,,,
12108E,12108E,B2,1251.0,Occupied,F,1509.0,2018-09-13,2019-10-12,1453.0,,,,,,,,,,,,,,,,,,,,,,,,,,,,,,,,,,,,,,,,,,,,,,,,,,,,,,,,,,,,,,,,,,,,,,,,,,
12108E,12108E,B2,1251.0,Occupied,F,1509.0,2019-10-12,2020-10-31,1453.0,,,,,,,,,,30.0,,,,,,,,,,,,,,,,,,,,,,,,,,,,,,,,,,,,,,,,,,,,,,,,,,,,,,,,,,,,,,,,
508,508,30212b,635.0,Occupied,,650.0,2019-05-01,2020-04-30,650.0,,,,,,,,,,,,,,,,,,,,,,,,,,,,,,,,,,,,,,,,,,,,,,,,,,,,,,,,,,,,,,,,,,,,,,,,,,
12202A,12202A,A2,867.0,Occupied,,1180.0,2018-12-01,2019-12-31,1190.0,,,25.0,,,,,,,,,,,,,,,,,,,,,,,,,,,,,,,,,,,,,,,,,,,,,,,,,,,,,,,,,,,,,,,,,,,,,,,
12302,12302,A2,867.0,Occupied,,895.0,2018-11-08,2019-11-30,831.0,,,,,,,,,,,,,,,,,,,,,,,,,,,,,,,,,,,,,,,,,,,,,,,,,,,,,,,,,,,,,,,,,,,,,,,,,,
12402,12402,A2,867.0,Occupied,,1175.0,2019-05-01,2020-04-30,1205.0,,,,,,,,,,,,,,,,,,,,,,,,,,,,,,,,,,,,,,,,,,,,,,,,,,,,,,,,,,,,,,,,,,,,,,,,,,
12302B,12302B,A2,867.0,Occupied,,1190.0,2019-01-31,2020-03-30,1190.0,,,,,,,,,,30.0,,,,,,,,,,,,,,,,,,,,,,,,,,,,,,,,,,,,,,,,,,,,,,,,,,,,,,,,,,,,,,,,
12202,12202,A2,867.0,Occupied,F,1190.0,2019-04-01,2020-03-31,1190.0,,,,,,,,,,,,,,,,,,,,,,,,,,,,,,,,,,,,,,,,,,,,,,,,,,,,,,,,,,,,,,,,,,,,,,,,,,
12202,12202,A2,867.0,Occupied,,905.0,2018-08-01,2019-09-30,927.0,,,,,,,,,,20.0,,,,,,,,,,,,,,,,,,,,,,,,,,,,,,,,,,,,,,,,,,,,,,,,,,,,,,,,,,,,,,,,
12102F,12102F,A2,867.0,Occupied,,1165.0,2018-06-20,2019-07-19,1180.0,,,,,,,,,,,,,,,,,,,,,,,,,,,,,,,,,,,,,,,,,,,,,,,,,,,,,,,,,,,,,,,,,,,,,,,,,,
12202D,12202D,A2,647.0,Occupied,,930.0,2018-08-15,2019-09-30,930.0,,,,,,,,,,,,,,,,,,,,,,,,,,,,,,,,,,,,,,,,,,,,,,,,,,,,,,,,,,,,,,,,,,,,,,,,,,
12203,12203,A2,867.0,Occupied,,1190.0,2018-11-01,2019-10-31,1190.0,,,,,,,,,,,,,,,,,,,,,,,,,,,,,,,,,,,,,,,,,,,,,,,,,,,,,,,,,,,,,,,,,,,,,,,,,,
12403,12403,A2,867.0,Occupied,,1180.0,2018-08-31,2019-09-30,1180.0,,,,70.0,,,,,,,,,,,,,,,,,,,,,,,,,,,,,,,,,,,,,,,,,,,,,,,,,,,,,,,,,,,,,,,,,,,,,,
12403,12403,B3,1451.0,Occupied,F,1545.0,2024-01-30,2025-02-28,,,,,,,,,,,,,,,,,,,,,,,,,,,,,,,,,,,,,,,,,,,,,,,,,,,,,,,,,,,,,,E3,,,,,,,,,,,,,
509,509,40212b3,1456.0,Occupied,,1456.0,2018-10-13,2019-11-12,1456.0,,,,,,,,,,,,,,,,,,,,,,,,,,,,,,,,,,,,,,,,,,,,,,,,,,,,,,,,,,,,,,,,,,,,,,,,,,
12303A,12303A,B1,1426.0,Occupied,,1700.0,2019-05-27,2020-06-30,1700.0,,,,,,,,,,,,,,,,,,,,,,,,,,,,,,,,,,,,,,,,,,,,,,,,,,,,,,,,,,,,,,,,,,,,,,,,,,
12404,12404,A2,867.0,Occupied,,1180.0,2019-05-24,2020-06-30,1180.0,,,,,,,,,,,,,,,,,,,,,,,,,,,,,,,,,,,,,,,,,,,,,,,,,,,,,,,,,,,,,,,,,,,,,,,,,,
12204B,12204B,A2,867.0,Occupied,,895.0,2019-05-10,2020-05-31,890.0,,,,,,,,,,,,,,,,,,,,,,,,,,,,,,,,,,,,,,,,,,,,,,,,,,,,,,,,,,,,,,,,,,,,,,,,,,
12104D,12104D,A2,867.0,Occupied,,885.0,2019-06-01,2020-05-31,867.0,,,,,,,,,,,,,,,,,,,,,,,,,,,,,,,,,,,,,,,,,,,,,,,,,,,,,,,,,,,,,,,,,,,,,,,,,,
510,510,40212b2,1081.0,OCCUPIED,,1190.0,2019-01-26,2020-02-29,1200.0,,,,,,,,,,,,,,,,,,,,,,,,,,,,,,,,,,,,,,,,,,,,,,,,,,,,,,,,,,,,,,,,,,,,,,,,,,
510,510,40212b2,1081.0,OCCUPIED,F,1190.0,,,,,,,,,,,,,,,,,,,,,,,,,,,,,,,,,,,,,,,,,,,,,,,,,,,,,,,,,,,,,,,,,,,,,,,,,,,,,
3310,3310,A2,867.0,Occupied,,1200.0,2019-04-12,2020-05-31,1200.0,,,,,,,,,,,125.0,,,,,,,,,,,,,,,,,,,,,,,,,,,,,,,,,,,,,,,,,,,,,,,,,,,,,,,,,,,,,,,
12306D,12306D,A2,867.0,Occupied,,1165.0,2019-05-25,2020-06-30,1165.0,,,15.0,,,,,,,,,,,,,,,,,,,,,,,,,,,,,,,,,,,,,,,,,,,,,,,,,,,,,,,,,,,,,,,,,,,,,,,
14306B,14306B,A2,867.0,Occupied,,1180.0,2019-05-01,2020-03-31,1190.0,,,,,,,,,,,,,,,,,,,,,,,,,,,,,,,,,,,,,,,,,,,,,,,,,,,,,,,,,,,,,,,,,,,,,,,,,,
12406W,12406W,A2,867.0,Occupied,,1170.0,2019-07-11,2020-08-10,1170.0,,,,,,,,,,,,,,,,,,,,,,,,,,,,,,,,,,,,,,,,,,,,,,,,,,,,,,,,,,,,,,,,,,,,,,,,,,
12306,12306,B2,1251.0,Occupied,,1530.0,2018-03-01,2019-03-31,1488.0,,,,35.0,,,,,,,,,,,,,,,,,,,,,,,,,,,,,,,,,,,,,,,,,,,,,,,,,,,,,,,,,,,,,,,,,,,,,,
12306F,12306F,A2,867.0,Occupied,F,920.0,2023-06-01,2024-05-31,920.0,,,,,,,,,,,,,,,,,,,,,,,,,,,,,,,,,,,,,,,,,,,,,,,,,,,,,,,,,,,,,,,,,,,,,,,,,,
12406,12406,B2,1251.0,Occupied,F,1530.0,2023-09-01,2024-08-31,1488.0,,,,,,,,,,15.0,,,,,,,,,,,,,,,,,,,,,,,,,,,,,,,,,,,,,,,,,,,,,,,,,,,,,,,,,,,,,,,,
12406,12406,B2,1251.0,Occupied,F,1530.0,2023-09-01,2024-08-31,1488.0,,,,,,,,,,15.0,,,,,,,,,,,,,,,,,,,,,,,,,,,,,,,,,,,,,,,,,,,,,,,,,,,,,,,,,,,,,,,,
20110,20110,A1,707.0,Occupied,,970.0,2018-09-12,2019-10-31,947.0,,,,,,,,,,,,,,,,,,,,,,,,,,,,,,,,,,,,,,,,,,,,,,,,,,,,,,,,,,,,,,,,,,,,,,,,,,
11306,11306,A2,647.0,Occupied-NTVL,F,1006.0,2020-04-30,,,,,,,,,,,,,,,,,,,,,,,,,,,,,,,,,,,,,,,,,,,,,,,,,,,,,,,,,,,,,,,,,,,,,,,,,,,,
511,511,40212b2,1081.0,Occupied,,1185.0,2019-10-01,2020-09-30,,,,,,,,Occupied,,,,,,,,,,,,,,,,,,,,,,,,,,,,,,,,,,,,,,,,,,,,,,,,,,,,,,,1185.0,,,,,,,,,,,,
3612A,3612A,C1AF,1206.0,Vacant-Leased,,1449.0,,,,,,,,,,,,,,,,,,,,,,,,,,,,,,,,,,,,,,,,,,,,,,,,,,,,,,,,,,,,,,,,,,,,,,,,,,,,,
3612A,3612A,C1AF,1206.0,Occupied,,1449.0,2019-11-01,2020-10-13,,,,,,,,,,,,,,,,,,,,,,,,,,,,,,,,,,,,,,,,,,,,,,,,,,,,,,,,,,,,,,,,,,,,,,,,,,,
1216B,1216B,A1,736.0,Occupied,F,1103.0,2019-03-30,2020-04-30,1093.0,,,15.0,,,,,,,,,,,,,,,,,,,,,,,,,,,,,,,,,,,,,,,,,,,,,,,,,,,,,,,,,,,,,,,,,,,,,,,
1216B,1216B,A2,867.0,Occupied,,1240.0,2022-09-30,2023-10-30,,,,,,,,,,,,,-1.0,,,,,,,,,,,,,,,,,,,,,,,,,,,,,,,,,,,,,,,,,,,,,,,,,,,867.0,100.0,,,,,,,,,,
12104A,12104A,A1,736.0,Occupied,,1078.0,2019-03-02,2020-03-31,1068.0,,,,35.0,,,,,,,,,,,,,,,,,,,,,,,,,,,,,,,,,,,,,,,,,,,,,,,,,,,,,,,,,,,,,,,,,,,,,,
12422,12422,A2,647.0,Occupied,,880.0,2019-03-12,2020-03-31,889.0,,,,,,,,,,20.0,,,,,,,,,,,,,,,,,,,,,,,,,,,,,,,,,,,,,,,,,,,,,,,,,,,,,,,,,,,,,,,,
14308B,14308B,A2,867.0,Occupied,,1180.0,2018-07-01,2019-08-31,1190.0,,,,35.0,,,,,,,,,,,,,,,,,,,,,,,,,,,,,,,,,,,,,,,,,,,,,,,,,,,,,,,,,,,,,,,,,,,,,,
512,512,60212a3,1002.0,Occupied,,1190.0,2019-06-14,2020-06-30,1190.0,,,,,,,,,,,,,,,,,,,,,,,,,,,,,,,,,,,,,,,,,,,,,,,,,,,,,,,,,,,,,,,,,,,,,,,,,,
1308,1308,A2,886.0,Occupied,,939.0,2019-06-29,2020-06-30,939.0,,,,,,,,,,,,,,,,,,,,,,,,,,,,,,,,,,,,,,,,,,,,,,,,,,,,,,,,,,,,,,,,,,,,,,,,,,
3614I,3614I,A2AF,847.0,Vacant-Leased,,1099.0,,,,,,,,,,,,,,,,,,,,,,,,,,,,,,,,,,,,,,,,,,,,,,,,,,,,,,,,,,,,,,,,,,,,,,,,,,,,,
3614I,3614I,A2AF,847.0,Vacant-Leased,F,1099.0,2019-10-28,2020-10-23,1099.0,,,,,,,,,,7.0,,,,,,,,,,,,,10.0,,,,,,,,,,,,,,,,,,,,,,,,,,,,,,,,,,,,,,,,,,,,,,,,,,,
13311,13311,A2,787.0,Occupied,,1198.0,2019-06-01,2020-05-31,1198.0,,,,,,,,,,,,,,,,,,,,,,,,,,,,,,,,,,,,,,,,,,,,,,,,,,,,,,,,,,,,,,,,,,,,,,,,,,
13311,13311,B1,786.0,Occupied,F,1175.0,2019-05-18,2019-11-30,1175.0,,,,,35.0,,,,,,,,,,,,,,,,,,,,,,,,,,,,,,,,,,,,,,,,,,,,,,,,,,,,,,,,,,,,,,,,,,,,,
1303,1303,A2,642.0,Occupied,F,970.0,2019-06-01,2020-05-31,960.0,,,,,,,,,,,,,,,,,,,,,,,,,,,,,,,,,,,,,,,,,,,,,,,,,,,,,,,,,,,,,,,,,,,,,,,,,,
12803,12803,A2,647.0,Occupied,F,970.0,2023-12-01,2024-11-30,970.0,,,,,,,,,,,,,,,,,,,,,,,,,,,,,,,,,,,,,,,,,,,,,,,,,,,,,,,,,,,,,,,,,,,,,,,,,,
14305W,14305W,2A,867.0,Occupied,F,1165.0,2019-02-27,2020-03-31,1165.0,,,,,,,,,,,,,,,,,,,,,,,,,,,,,,,,,,,,,,,,,,,,,,,,,,,,,,,,,,,,,,,,,,,,,,,,,,
14111,14111,A2,867.0,Occupied,,1155.0,2018-04-27,2019-06-26,1185.0,,,,35.0,,,,,,,,,,,,,,,,,,,,,,,,,,,,,,,,,,,,,,,,,,,,,,,,,,,,,,,,,,,,,,,,,,,,,,
513,513,60212b1,1002.0,Occupied,,990.0,2019-05-15,2020-06-30,,,,,,,,,,,,,,,,,,,,,,,,,,,,,,,,,,,,,,,,,,,,,,,,990,,,,,,,,,,,,,,,,,,,,,,,,,,,
1511,1511,A2,644.0,Occupied,,970.0,2018-07-21,2019-08-20,970.0,-889.0,,,,,,,,,,,,,,,,,,,,,,,,,,,,,,,,,,,,,,,,,,,,,,,,,,,,,,,,,,,,,,,,,,,,,,,,,
13309,13309,A2,783.0,Occupied,,1165.0,2018-09-08,2019-10-07,1165.0,,,,,,,,,,,,,,,,,,,,,,,,,,,,,,,,,,,,,,,,,,,,,,,,,,,,,,,,,,,,,,,,,,,,,,,,,,
1315,1315,A1,736.0,Occupied,,1103.0,2019-05-03,2020-06-30,1093.0,,,,,,,,,,,,,,,,,,,,,,,,,,,,,,,,,,,,,,,,,,,,,,,,,,,,,,,,,,,,,,,,,,,,,,,,,,
13308,13308,B1,854.0,Occupied,,1095.0,2018-08-15,2019-10-14,1095.0,,,,,,,,,,,,,,,,,,,,,,,,,,,,,,,,,,,,,,,,,,,,,,,,,,,,,,,,,,,,,,,,,,,,,,,,,,
13308,13308,B1,854.0,Occupied,F,1095.0,,,,,,,,,,,,,,,,,,,,,,,,,,,,,,,,,,,,,,,,,,,,,,,,,,,,,,,,,,,,,,,,,,,,,,,,,,,,,
1311,1311,A1,522.0,Occupied,,740.0,2018-09-01,2019-08-31,755.0,,,,,,,,,,,,,,,,,,,,,,,,,,,,,,,,,,,,,,,,,,,,,,,,,,,,,,,,,,,,,,,,,,,,,,,,,,
1610,1610,B2,1156.0,Occupied,,1440.0,2019-05-01,2020-04-30,1425.0,,,,,,,,,,,,,,,,,,,,,,,,,,,,,,,,,,,,,,,,,,,,,,,,,,,,,,,,,,,,,,,,,,,,,,,,,,
3615N,3615N,A1A,561.0,Vacant-Leased,,789.0,,,,,,,,,,,,,,,,,,,,,,,,,,,,,,,,,,,,,,,,,,,,,,,,,,,,,,,,,,,,,,,,,,,,,,,,,,,,,
3615N,3615N,A1A,561.0,Occupied,F,789.0,2019-10-29,2020-10-24,789.0,,,,,,,,,,7.0,,,,,,,,,,,,,10.0,,,,,,,,,,,,,,,,,,,,,,,,,,,,,,,,,,,,,,,,,,,,,,,,,,,
514,514,60212b2,1081.0,Occupied,,1025.0,2019-04-08,2020-07-31,988.0,-500.0,,,,,,,,,30.0,,,,,,,,,,,,,,,,,,,,,,,,,,,,,,,,,,,,,,,,,,,,,,,,,,,,,,,,,,,,,,,,
515,515,60212b1,1002.0,Occupied,,990.0,2018-07-13,2019-07-31,950.0,,,,,,,,,,,,,,,,,,,,,,,,,,,,,,,,,,,,,,,,,,,,,,,,,,,,,,,,,,,,,,,,,,,,,,,,,,
515,515,60212c4,1304.0,Occupied,F,1305.0,2019-05-01,2023-04-30,1287.0,,,,,,,,,,,,,,,,,,,,,,,,,,,,,,,,,,,,,,,,,,,,,,,,,,,,,,,,,,,,,,,,,,,,,,,,,,
1613B,1613B,A1,736.0,Occupied,,1103.0,2023-08-10,2024-09-30,1093.0,,,,,,,,,,25.0,,,,,,,,,,,,,,,,,,,,,,,,,,,,,,,,,,,,,,,,,,,,,,,,,,,,,,,,,,,,,,,,
518,518,60212b1,1002.0,Occupied,F,990.0,2024-01-31,2025-02-28,990.0,,,,,,,,,,,,,,,,,,,,,,,,,,,,,,,,,,,,,,,,,,,,,,,,,,,,,,,,,,,,,,,,,,,,,,,,,,
1007,1007,60212c1,1153.0,Occupied,,1110.0,2019-03-24,2020-04-30,994.0,,,,,,,,,,,,,,,,,,,,,,,,,,,,,,,,,,,,,,,,,,,,,,,,,,,,,,,,,,,,,,,,,,,,,,,,,,
10321E,10321E,A2,754.0,Occupied,,1086.0,2018-11-09,2019-12-08,1066.0,,,30.0,,,,,,,,,,,,,,,,,,,,26.0,,,,,,,,,,,,,,,,,,,,,,,,,,,,,,,,,,,,,,,,,,,,,,,,,,,
522,522,60212c2,1156.0,OCCUPIED,F,1265.0,2023-06-30,2024-07-31,,,1274.0,,,,,,,,,,,,,,,,,,,,,,,,,,,,,,2024-07-31,,,,,,,,,,,,,,,,,,,,,,,,,,,,,,,,,,,,,,,,,,
3624C,3624C,A2AF,847.0,Occupied,,1079.0,2016-12-09,2020-02-08,943.0,,,,,,,,,,,,,,,,,,,,,,,,,,,,,,,,,,,,,,,,,,,,,,,,,,,,,,,,,,,,,,,,,,,,,,,,,,
601,601,40212c1,884.0,Occupied,,1170.0,2023-05-01,2024-04-30,,,,,,,,,,,,,,,,,,,,,,,,,,,,,,,,,,,,,,,,,,,,,,,,Occupied,,,,,,,,,,,,,,,,,,,1180.0,2023-05-31,2024-06-30,Occupied,,,,,
60212c4,60212c4,60212c4,1304.0,occupied,,1155.0,2018-02-22,2018-10-31,,,1936.0,,,,,,,,,,,,,,,,,,,,,,,,,,,,,,2018-11-05,,,,,,,,,,,,,,,,,,,,,,,,,,,,,,,,,,,,,,,,,,
603,603,602,1266.0,Occupied,,1175.0,2018-07-01,2019-06-30,,,1175.0,,,,,,,,,,,,,,,,,,,,,,,,,,,,,,,,,,,,,,,,,,,,,,,,,,,,,,,,,,,,,,,,,,,,,,,,
3628H,3628H,A2AF,847.0,Occupied,,1079.0,2019-07-10,2020-07-09,,,,,,,,,,,,,,,,,0.0,0.0,0.0,0.0,914.0,,,,,,,,,,,,,,,,,,,,,,,,,,,,,,,,,,,,,,,,,,,,,,,,,,,,,,
604,604,60212c3,1153.0,Occupied,,1150.0,2019-06-01,2020-06-30,1150.0,,,,,,,,,,,,,,,,,,,,,,,,,,,,,,,,,,,,,,,,,,,,,,,,,,,,,,,,,,,,,,,,,,,,,,,,,,
605,605,60212c3,1153.0,occupied,,1250.0,2023-02-27,2024-03-31,1250.0,,,,,,,,,,,,,,,,,,,,,,,,,,,,,,,,,,,,,,,,,,,,,,,,,,,,,,,,,,,,,,,,,,,,,,,,,,
606,606,60212c3,1304.0,Occupied,,1155.0,2017-09-08,2018-10-07,820.0,,,,,,,,,,,,,,,,,,,,,,,,,,,,,,,,,,,,,,,,,,,,,,,,,,,,,,,,,,,,,,,,,,,,,,,,,,
607,607,60212c1,1153.0,Occupied,,1110.0,2018-06-01,2019-05-31,,,,,,,,,,,,,,,,,,,,,,,,,,,,,,,,,,,,,,,,,,,,,,,,,,,,,,,,,,,,,,,,,,,,,,,1110.0,1110.0,,,
608,608,60212c1,1153.0,Occupied,,1110.0,2016-06-01,2017-06-30,,,-3.0,,,,,,,,,,,,,,,,,,,,,,,,,,,,,,,,,,,,,,,,,,,,,,,,,,,,,,,,,,,,,,,,,,,,,,,,
1008,1008,60212c4,1304.0,occupied,,1155.0,2018-07-28,2019-08-27,1176.0,,,,,,,,,,,,,,,,,,,,,,,,,,,,,,,,,,,,,,,,,,,,,,,,,,,,,,,,,,,,,,,,,,,,,,,,,,
701,701,60212b2,1081.0,OCCUPIED,F,1175.0,2019-06-02,2020-07-31,1375.0,-145.6,,15.0,,,,,,,,,,,,,,,,,,,,,,,,,,,,,,,,,,,,,,,,,,,,,,,,,,,,,,,,,,,,,,,,,,,,,,,
702,702,52212c,647.0,Occupied,,610.0,2019-05-01,2020-05-31,,,,,,,,Occupied,,,,,,,,,,,,,,,,,,,,,,,,,,,,,,,,,,,,,,,,,,,,,,,,,,,,,,,,,,,,,,,,,,,
703,703,60212a1,1002.0,Occupied,,1150.0,2019-02-14,2020-02-29,1150.0,,,,,,,,,,,,,,,,,,,,,,,,,,,,,,,,,,,,,,,,,,,,,,,,,,,,,,,,,,,,,,,,,,,,,,,,,,
704,704,60212b2,1176.0,Occupied,,1110.0,2019-07-01,2020-06-30,1110.0,,,,,,,Occupied,,,,,,,,,,,,,,,,,,,,,,,,,,,,,,,,,,,,,,,,,,,,,,,,,,,,,,,,,,,,,,,,,,,
705,705,60208,867.0,Occupied,,880.0,2019-02-01,2020-03-31,,,,,,,,Occupied,,,,,,,,,,,,,,,,,,,,,,,,,,,,,,,,,,,,,,,,850,,,,,,,,,,,,,,,,,,,,,,,,,,,
706,706,40212b,867.0,OCCUPIED,F,1190.0,2023-12-01,2024-11-30,1190.0,,,,,,,,,,,,,,,,,,,,,,,,,,,,,,,,,,,,,,,,,,,,,,,,,,,,,,,,,,,,,,,,,,,,,,,,,,
707,707,60212b3,1002.0,Occupied,,990.0,2019-06-01,2020-05-31,930.0,,,,,,,,,,,,,,,,,,,,,,,,,,,,,,,,,,,,,,,,,,,,,,,,,,,,,,,,,,,,,,,,,,,,,,,,,,
708,708,60212b2,1181.0,Occupied,,1225.0,2019-06-01,2020-05-31,1225.0,,,,,,,,,,15.0,,,,,,,,,,,,,,,,,,,,,,,,,,,,,,,,,,,,,,,,,,,,,,,,,,,,,,,,,,,,,,,,
709,709,60212b1,1002.0,Occupied,F,1140.0,2019-01-11,2020-01-31,970.0,,,,,,,,,,,,,,,,,,,,,,,,,,,,,,,,,,,,,,,,,,,,,,,,,,,,,,,,,,,,,,,,,,,,,,,,,,
710,710,60212b1,1002.0,Occupied,,990.0,2019-04-17,2020-04-30,,,890.0,,,,,,,,,,,,,,,,,,,,,,,,,,,,,,,,,,,,,,,,,,,,,,,,,,,,,,,,,,,,,,,,,,,,,,,,
1009,1009,60212c4,1304.0,Occupied,,1155.0,2019-04-30,2020-05-31,1190.0,,,,,,,,,,,,,,,,,,,,,,,,,,,,,,,,,,,,,,,,,,,,,,,,,,,,,,,,,,,,,,,,,,,,,,,,,,
819,819,60212b4,1304.0,Occupied,,1155.0,2019-04-28,2020-05-31,1155.0,,,,,,,,,,,,,,,,,,,,,,,,,,,,,,,,,,,,,,,,,,,,,,,,,,,,,,,,,,,,,,,,,,,,,,,,,,
820,820,60212c,1153.0,Occupied,,1260.0,2019-03-01,2020-02-29,,,,,,,,,,,,,,,,,,,,,,,,,,T,,,,,,,,,,,,,,,,,,,,,,,,,,,,,,,,,,,,,,,,,,,,,,,,I,
821,821,60212c1,1153.0,Occupied,,1260.0,2018-10-01,2019-09-30,1260.0,,,,,,,,,,,,,,,,,,,,,,,,,,,,,,,,,,,,,,,,,,,,,,,,,,,,,,,,,,,,,,,,,,,,,,,,,,
822,822,60212c3,1304.0,Occupied,,1155.0,2019-03-01,2019-08-31,949.0,,,,,,,,,,,,,,,,,,,,,,,,,,,,,,,,,,,,,,,,,,,,,,,,,,,,,,,,,,,,,,,,,,,,,,,,,,
823,823,60212c3,1304.0,Occupied,,1155.0,2018-07-01,2019-06-30,1155.0,,,,,,,,,,15.0,,,,,,,,,,,,,,,,,,,,,,,,,,,,,,,,,,,,,,,,,,,,,,,,,,,,,,,,,,,,,,,,
824,824,60212c1,1153.0,Occupied,,1110.0,2017-08-21,2018-09-20,,,0.0,,,,,,,,,,,,,,,,,,,,,,,,,,,,,,,,,,,,,,,,,,,,,,,,,,,,,,,,,,,,,,,,,,,,,,,,
825,825,60212e1,1153.0,Occupied,,1110.0,2023-01-14,2024-02-29,1110.0,,,,,,,,,,,,,,,,,,,,,,,,,,,,,,,,,,,,,,,,,,,,,,,,,,,,,,,,,,,,,,,,,,,,,,,,,,
826,826,60212,1304.0,OPT,F,1155.0,2023-10-30,2024-11-30,,,,,,,,,,,,,,,,,,,,,,,,,,,,,,,,,,,,Online Lease,,,,,,,,,,,,,,,,,,,,,,,,,,,,,,,,,,,,,,,Online Lease
827,827,60209c1,1153.0,Occupied,F,1260.0,2023-11-01,2024-10-31,1260.0,,,,,,,,,,,,,,,,,,,,,,,,,,,,,,,,,,,,,,,,,,,,,,,,,,,,,,,,,,,,,,,,,,,,,,,,,,
828,828,60212c2,1173.0,Occupied,,1270.0,2018-08-12,2019-09-11,1270.0,,,,,,,,,,,,,,,,,,,,,,,,,,,,,,,,,,,,,,,,,,,,,,,,,,,,,,,,,,,,,,,,,,,,,,,,,,
101,101,60212d1,1153.0,Occupied,,1210.0,2019-04-23,2020-05-31,969.0,,,,,,,,,,,,,,,,,,,,,,,,,,,,,,,,,,,,,,,,,,,,,,,,,,,,,,,,,,,,,,,,,,,,,,,,,,
901,901,60209b2,1176.0,Occupied,,1150.0,2019-03-29,2020-03-31,899.0,,,,,,251.0,,,,,,,,,,,,,,,,,,,,,,,,,,,,,,,,,,,,,,,,,,,,,,,,,,,,,,,,,,,,,,,,,,,,
904,904,60212b2,1081.0,Occupied,,1190.0,2019-03-01,2020-02-29,1190.0,,,,,,,,,,,,,,,,,,,,,,,,,,,,,,,,,,,,,,,,,,,,,,,,,,,,,,,,,,,,,,,,,,,,,,,,,,
905,905,60212b2,1081.0,Occupied,,1025.0,2018-11-01,2019-10-31,927.0,,,,,,,,,,,,,,,,,,,,,,,,,,,,,,,,,,,,,,,,,,,,,,,,,,,,,,,,,,,,,,,,,,,,,,,,,,
906,906,60212c3,1457.0,Occupied,,1385.0,2018-12-01,2019-11-30,1385.0,,,,,,,,,,,,,,,,,,,,,,,,,,,,,,,,,,,,,,,,,,,,,,,,,,,,,,,,,,,,,,,,,,,,,,,,,,
907,907,6028c,1715.0,Occupied,,1735.0,2018-09-08,2019-09-30,1735.0,,,,,,,,,,,,,,,,,,,,,,,,,,,,,,,,,,,,,,,,,,,,,,,,,,,,,,,,,,,,,,,,,,,,,,,,,,
908,908,60212b2,1081.0,Occupied,,1025.0,2018-10-01,2019-10-31,917.0,,,,,,,,,,,,,,,,,,,,,,,,,,,,,,,,,,,,,,,,,,,,,,,,,,,,,,,,,,,,,,,,,,,,,,,,,,
909,909,60209c1,1176.0,Occupied,,1135.0,2018-11-01,2019-11-30,1264.0,-226.0,,,,,,,,,,,,,,,,,,,,,,,,,,,,,,,,,,,,,,,,,,,,,,,,,,,,,,,,,,,,,,,,,,,,,,,,,
910,910,60208c3,1456.0,Occupied,,1370.0,2019-03-12,2020-05-31,1360.0,,,,,,,,,,,,,,,,,,,,,,,,,,,,,,,,,,,,,,,,,,,,,,,,,,,,,,,,,,,,,,,,,,,,,,,,,,
